회차,No.1,No.2,No.3,No.4,No.5,No.6,보너스,추첨일,총판매금액,총1등당첨금,1등당첨인원,1등수령액
1,10,23,29,33,37,40,16,2002-12-07,3681782000,863604600,0,0
2,9,13,21,25,32,42,2,2002-12-14,4904274000,0,1,2002006800
3,11,16,19,21,27,31,30,2002-12-21,4729342000,0,1,2000000000
4,14,27,30,31,40,42,2,2002-12-28,5271464000,1267147200,0,0
5,16,24,29,40,41,42,3,2003-01-04,6277102000,3041094900,0,0
6,14,15,26,27,40,42,34,2003-01-11,15305356000,0,1,6574451700
7,2,9,16,25,26,40,42,2003-01-18,12794890000,2600913000,0,0
8,8,19,25,34,37,39,9,2003-01-25,20751450000,7336896000,0,0
9,2,4,16,17,36,39,14,2003-02-01,73624020000,25803852000,0,0
10,9,25,30,33,41,44,6,2003-02-08,260856392000,0,13,6430437900
11,1,7,36,37,41,42,14,2003-02-15,91925306000,0,5,4780152300
12,2,11,21,25,39,45,44,2003-02-22,76255508000,0,12,1348845700
13,22,23,25,37,38,42,26,2003-03-01,66532136000,15599134800,0,0
14,2,6,12,31,33,40,15,2003-03-08,99838648000,0,4,9375048300
15,3,4,16,30,31,37,13,2003-03-15,73264910000,0,1,17014245000
16,6,7,24,37,38,40,33,2003-03-22,75777348000,0,4,4377146100
17,3,4,9,17,32,37,1,2003-03-29,72718152000,0,3,5349491200
18,3,12,13,19,32,35,29,2003-04-05,66371660000,15751560000,0,0
19,6,30,38,39,40,43,26,2003-04-12,105957818000,0,1,40722959400
20,10,14,18,20,23,30,41,2003-04-19,81056776000,0,1,19352212800
21,6,12,17,18,31,32,21,2003-04-26,84247142000,0,23,797475400
22,4,5,6,8,17,39,25,2003-05-03,79455152000,0,4,4552194900
23,5,13,17,18,33,42,44,2003-05-10,77374256000,0,4,4317947700
24,7,8,27,29,36,43,6,2003-05-17,78486634000,19010560200,0,0
25,2,4,21,26,43,44,16,2003-05-24,120073768000,0,2,24227745300
26,4,5,7,18,20,25,31,2003-05-31,80193026000,0,5,3495069900
27,1,20,26,28,37,43,27,2003-06-07,76145050000,0,2,9543982500
28,9,18,23,25,35,37,1,2003-06-14,75448366000,0,10,1700361100
29,1,5,13,34,39,40,11,2003-06-21,74523120000,0,5,3552594000
30,8,17,20,35,36,44,4,2003-06-28,72399690000,0,2,8728555500
31,7,9,18,23,28,35,32,2003-07-05,71317306000,0,2,8106672900
32,6,14,19,25,34,44,11,2003-07-12,71179198000,0,10,1634528300
33,4,7,32,33,40,41,9,2003-07-19,67457252000,0,1,14903517600
34,9,26,35,37,40,42,2,2003-07-26,69389894000,0,5,3056918000
35,2,3,11,26,37,43,39,2003-08-02,66143062000,0,3,5054598200
36,1,10,23,26,28,40,31,2003-08-09,66856686000,0,1,16014475800
37,7,27,30,33,35,37,42,2003-08-16,65509794000,0,3,4985999400
38,16,17,22,30,37,43,36,2003-08-23,67369284000,0,3,5374866400
39,6,7,13,15,21,43,8,2003-08-30,66094476000,0,6,2623748800
40,7,13,18,19,25,26,6,2003-09-06,65699086000,0,13,1147652400
41,13,20,23,35,38,43,34,2003-09-13,57624562000,13784904600,0,0
42,17,18,19,21,23,32,1,2003-09-20,119909740000,0,6,6899280100
43,6,31,35,38,39,44,1,2003-09-27,74686296000,0,1,17749630800
44,3,11,21,30,38,45,39,2003-10-04,69956950000,0,5,3362155800
45,1,10,20,27,33,35,17,2003-10-11,71216232000,0,2,8356417800
46,8,13,15,23,31,38,39,2003-10-18,68181568000,0,3,5327758800
47,14,17,26,31,36,45,27,2003-10-25,67756694000,0,5,3250042400
48,6,10,18,26,37,38,3,2003-11-01,65806832000,0,6,2415673600
49,4,7,16,19,33,40,30,2003-11-08,64501142000,0,7,1967504600
50,2,10,12,15,22,44,1,2003-11-15,65563234000,0,3,5227061400
51,2,3,11,16,26,44,35,2003-11-22,62553680000,0,6,2421117000
52,2,4,15,16,20,29,1,2003-11-29,64393446000,0,4,3900844900
53,7,8,14,32,33,39,42,2003-12-06,64996010000,0,3,5014371000
54,1,8,21,27,36,39,37,2003-12-13,63833006000,0,3,5148626600
55,17,21,31,37,40,44,7,2003-12-20,62195764000,0,2,7088799600
56,10,14,30,31,33,37,19,2003-12-27,65258932000,0,4,3777570900
57,7,10,16,25,29,44,6,2004-01-03,70132666000,0,4,4114411900
58,10,24,25,33,40,44,1,2004-01-10,66638136000,0,4,3676429200
59,6,29,36,39,41,45,13,2004-01-17,67563698000,0,4,4127587300
60,2,8,25,36,39,42,11,2004-01-24,65405936000,0,7,2172504600
61,14,15,19,30,38,43,8,2004-01-31,73312994000,0,5,3541038800
62,3,8,15,27,29,35,21,2004-02-07,66740368000,0,1,15817286400
63,3,20,23,36,38,40,5,2004-02-14,67074050000,0,2,7922245500
64,14,15,18,21,26,36,39,2004-02-21,65085154000,0,4,3899818000
65,4,25,33,36,40,43,39,2004-02-28,66685144000,0,4,3727945800
66,2,3,7,17,22,24,45,2004-03-06,63378796000,0,4,3685138200
67,3,7,10,15,36,38,33,2004-03-13,64314872000,0,7,2114436500
68,10,12,15,16,26,39,38,2004-03-20,63813236000,0,5,2945882100
69,5,8,14,15,19,39,35,2004-03-27,63711302000,0,3,4962712200
70,5,19,22,25,28,43,26,2004-04-03,63232578000,0,3,5031277800
71,5,9,12,16,29,41,21,2004-04-10,62889986000,14909209800,0,0
72,2,4,11,17,26,27,1,2004-04-17,125651214000,0,13,3260524600
73,3,12,18,32,40,43,38,2004-04-24,72635862000,0,6,2766662100
74,6,15,17,18,35,40,23,2004-05-01,68902158000,0,3,5284949800
75,2,5,24,32,34,44,28,2004-05-08,66138372000,0,4,3914616900
76,1,3,15,22,25,37,43,2004-05-15,65083924000,0,2,7451022600
77,2,18,29,32,43,44,37,2004-05-22,64420666000,0,3,5155758600
78,10,13,25,29,33,35,38,2004-05-29,61257794000,0,4,3519850000
79,3,12,24,27,30,32,14,2004-06-05,60390004000,0,4,3416443800
80,17,18,24,25,26,30,1,2004-06-12,60160440000,0,1,13809540000
81,5,7,11,13,20,33,6,2004-06-19,60983308000,0,5,2714288880
82,1,2,3,14,27,42,39,2004-06-26,61302808000,0,1,14562494400
83,6,10,15,17,19,34,14,2004-07-03,62512062000,0,2,7086948300
84,16,23,27,34,42,45,11,2004-07-10,62780760000,0,2,7669779000
85,6,8,13,23,31,36,21,2004-07-17,59451304000,0,4,3462109800
86,2,12,37,39,41,45,33,2004-07-24,59835968000,0,1,14252186400
87,4,12,16,23,34,43,26,2004-07-31,83793642000,0,11,1799358055
88,1,17,20,24,30,41,27,2004-08-07,51910612000,0,4,3069709650
89,4,26,28,29,33,40,37,2004-08-14,55102179000,0,3,4248321900
90,17,20,29,35,38,44,10,2004-08-21,55493544000,0,4,3291435300
91,1,21,24,26,29,42,27,2004-08-28,59061052000,0,4,3582902400
92,3,14,24,33,35,36,17,2004-09-04,58296001000,0,11,1233270846
93,6,22,24,36,38,44,19,2004-09-11,57236313000,0,6,2269178150
94,5,32,34,40,41,45,6,2004-09-18,57144729000,0,6,2245339950
95,8,17,27,31,34,43,14,2004-09-25,60077493000,0,8,1747741238
96,1,3,8,21,22,31,20,2004-10-02,54217572000,0,7,1847133515
97,6,7,14,15,20,36,3,2004-10-09,57713200000,0,9,1496214000
98,6,9,16,23,24,32,43,2004-10-16,56231084000,0,4,3177972300
99,1,3,10,27,29,37,11,2004-10-23,56207491000,0,6,2169219050
100,1,7,11,23,37,42,6,2004-10-30,56561977000,0,4,3315315525
101,1,3,17,32,35,45,8,2004-11-06,57585065000,0,5,2707297500
102,17,22,24,26,35,40,42,2004-11-13,56937962000,0,9,1457153067
103,5,14,15,27,30,45,10,2004-11-20,57420615000,0,8,1691589563
104,17,32,33,34,42,44,35,2004-11-27,56533705000,0,2,6610743750
105,8,10,20,34,41,45,28,2004-12-04,57479716000,0,4,3416781450
106,4,10,12,22,24,33,29,2004-12-11,57384485000,0,16,810461157
107,1,4,5,6,9,31,17,2004-12-18,57545202000,0,2,6679927800
108,7,18,22,23,29,44,12,2004-12-25,58875228000,0,7,1998900772
109,1,5,34,36,42,44,33,2005-01-01,62584098000,0,12,1246838200
110,7,20,22,23,29,43,1,2005-01-08,57625490000,0,3,4566262000
111,7,18,31,33,36,40,27,2005-01-15,57876999000,0,6,2199047450
112,26,29,30,33,41,42,43,2005-01-22,59292005000,0,9,1567271167
113,4,9,28,33,36,45,26,2005-01-29,59258248000,0,9,1561528934
114,11,14,19,26,28,41,2,2005-02-05,60079401000,0,6,2362345050
115,1,2,6,9,25,28,31,2005-02-12,59130557000,0,9,1488589567
116,2,4,25,31,34,37,17,2005-02-19,61606084000,0,7,1997747315
117,5,10,22,34,36,44,35,2005-02-26,59429610000,0,9,1558378334
118,3,4,10,17,19,22,38,2005-03-05,57171934000,0,10,1297989720
119,3,11,13,14,17,21,38,2005-03-12,57800632000,0,9,1474899400
120,4,6,10,11,32,37,30,2005-03-19,57418983000,0,3,4364530300
121,12,28,30,34,38,43,9,2005-03-26,57134544000,0,2,6839648100
122,1,11,16,17,36,40,8,2005-04-02,56171704000,0,9,1450073800
123,7,17,18,28,30,45,27,2005-04-09,54097448000,0,5,2532982680
124,4,16,23,25,29,42,1,2005-04-16,54180838000,0,9,1395936267
125,2,8,32,33,35,36,18,2005-04-23,53149705000,0,7,1754870786
126,7,20,22,27,40,43,1,2005-04-30,52748965000,0,9,1369301500
127,3,5,10,29,32,43,35,2005-05-07,50752603000,0,6,1965939150
128,12,30,34,36,37,45,39,2005-05-14,52310392000,0,6,2064043100
129,19,23,25,28,38,42,17,2005-05-21,51555754000,0,11,1093629655
130,7,19,24,27,42,45,31,2005-05-28,51359012000,0,4,3036496650
131,8,10,11,14,15,21,37,2005-06-04,50231773000,0,8,1451214488
132,3,17,23,34,41,45,43,2005-06-11,49921897000,0,4,2920473525
133,4,7,15,18,23,26,13,2005-06-18,50889926000,0,8,1450242600
134,3,12,20,23,31,35,43,2005-06-25,50445575000,0,5,2349155100
135,6,14,22,28,35,39,16,2005-07-02,51062672000,0,7,1717293515
136,2,16,30,36,41,42,11,2005-07-09,51144633000,0,6,1997694150
137,7,9,20,25,36,39,15,2005-07-16,49978654000,0,9,1270403467
138,10,11,27,28,37,39,19,2005-07-23,47688450000,0,5,2227152000
139,9,11,15,20,28,43,13,2005-07-30,48371085000,0,7,1650210215
140,3,13,17,18,19,28,8,2005-08-06,45983464000,0,5,2109462840
141,8,12,29,31,42,43,2,2005-08-13,48016958000,0,6,1900552400
142,12,16,30,34,40,44,19,2005-08-20,48012844000,0,11,1018265564
143,26,27,28,42,43,45,8,2005-08-27,49415357000,0,3,3954584700
144,4,15,17,26,36,37,43,2005-09-03,49202521000,0,8,1402440413
145,2,3,13,20,27,44,9,2005-09-10,48913832000,0,3,3797838200
146,2,19,27,35,41,42,25,2005-09-17,50677555000,0,2,6043415250
147,4,6,13,21,40,42,36,2005-09-24,50345605000,0,7,1700040215
148,21,25,33,34,35,36,17,2005-10-01,49523247000,0,5,2323596420
149,2,11,21,34,41,42,27,2005-10-08,48406950000,0,7,1639052143
150,2,18,25,28,37,39,16,2005-10-15,48763778000,0,4,2831645850
151,1,2,10,13,18,19,15,2005-10-22,47357067000,0,4,2716634025
152,1,5,13,26,29,34,43,2005-10-29,48180334000,0,5,2278131840
153,3,8,11,12,13,36,33,2005-11-05,47777735000,0,4,2730526125
154,6,19,21,35,40,45,20,2005-11-12,48022386000,0,4,2836628700
155,16,19,20,32,33,41,4,2005-11-19,46140202000,0,9,1193005734
156,5,18,28,30,42,45,2,2005-11-26,47344584000,0,8,1401099900
157,19,26,30,33,35,39,37,2005-12-03,46853365000,0,2,5484903750
158,4,9,13,18,21,34,7,2005-12-10,46368888000,0,10,1069544340
159,1,18,30,41,42,43,32,2005-12-17,44311926000,0,6,1755407300
160,3,7,8,34,39,41,1,2005-12-24,46833239000,0,2,5490805350
161,22,34,36,40,42,45,44,2005-12-31,53096453000,0,7,1996876272
162,1,5,21,25,38,41,24,2006-01-07,49050086000,0,5,2308265760
163,7,11,26,28,29,44,16,2006-01-14,49018952000,0,7,1629726515
164,6,9,10,11,39,41,27,2006-01-21,53052119000,0,3,4054937900
165,5,13,18,19,22,42,31,2006-01-28,58088118000,0,2,6767426700
166,9,12,27,36,39,45,14,2006-02-04,52157466000,0,11,1111299982
167,24,27,28,30,36,39,4,2006-02-11,52744392000,0,5,2491222920
168,3,10,31,40,42,43,30,2006-02-18,51496212000,0,5,2349946920
169,16,27,35,37,43,45,19,2006-02-25,52076183000,0,5,2482888380
170,2,11,13,15,31,42,10,2006-03-04,49718245000,0,6,1923108250
171,4,16,25,29,34,35,1,2006-03-11,50357474000,0,6,1961339700
172,4,19,21,24,26,41,35,2006-03-18,50758266000,0,11,1081154073
173,3,9,24,30,33,34,18,2006-03-25,52286521000,0,8,1487736788
174,13,14,18,22,35,39,16,2006-04-01,52340568000,0,7,1771103058
175,19,26,28,31,33,36,17,2006-04-08,50895147000,0,5,2371132620
176,4,17,30,32,33,34,15,2006-04-15,50488528000,0,5,2314663080
177,1,10,13,16,37,43,6,2006-04-22,50480325000,0,7,1693285500
178,1,5,11,12,18,23,9,2006-04-29,49582758000,0,5,2254621080
179,5,9,17,25,39,43,32,2006-05-06,47291694000,0,10,1081093920
180,2,15,20,21,29,34,22,2006-05-13,48895477000,0,2,5763371550
181,14,21,23,32,40,45,44,2006-05-20,49124446000,0,6,1941763300
182,13,15,27,29,34,40,35,2006-05-27,47222594000,0,3,3721439400
183,2,18,24,34,40,42,5,2006-06-03,45938460000,0,6,1777221500
184,1,2,6,16,20,33,41,2006-06-10,45503351000,0,6,1747753050
185,1,2,4,8,19,38,14,2006-06-17,45783088000,0,3,3522485800
186,4,10,14,19,21,45,9,2006-06-24,45484428000,0,9,1187882600
187,1,2,8,18,29,38,42,2006-07-01,45855961000,0,7,1544733900
188,19,24,27,30,31,34,36,2006-07-08,45176242000,0,3,3501405200
189,8,14,32,35,37,45,28,2006-07-15,43650551000,0,3,3461775100
190,8,14,18,30,31,44,15,2006-07-22,44864459000,0,6,1784159450
191,5,6,24,25,32,37,8,2006-07-29,44534869000,0,4,2577114675
192,4,8,11,18,37,45,33,2006-08-05,42035065000,0,4,2445348375
193,6,14,18,26,36,39,13,2006-08-12,43788477000,0,3,3404449700
194,15,20,23,26,39,44,28,2006-08-19,44511515000,0,4,2650567875
195,7,10,19,22,35,40,31,2006-08-26,44374725000,0,11,918992591
196,35,36,37,41,44,45,30,2006-09-02,45773496000,0,15,727876520
197,7,12,16,34,42,45,4,2006-09-09,45993306000,0,6,1803018300
198,12,19,20,25,41,45,2,2006-09-16,45614021000,0,6,1797855050
199,14,21,22,25,30,36,43,2006-09-23,45021068000,0,2,5344252200
200,5,6,13,14,17,20,7,2006-09-30,46640423000,0,8,1344616613
201,3,11,24,38,39,44,26,2006-10-07,42254768000,0,1,9719465400
202,12,14,27,33,39,44,17,2006-10-14,48304034000,0,6,1893391700
203,1,3,11,24,30,32,7,2006-10-21,47033359000,0,5,2164564740
204,3,12,14,35,40,45,5,2006-10-28,46077750000,0,8,1358347125
205,1,3,21,29,35,37,30,2006-11-04,46330516000,0,6,1835221800
206,1,2,3,15,20,25,43,2006-11-11,44326979000,0,5,2032859340
207,3,11,14,31,32,37,38,2006-11-18,45282336000,0,5,2104673760
208,14,25,31,34,40,44,24,2006-11-25,45516378000,0,6,1760767400
209,2,7,18,20,24,33,37,2006-12-02,43753377000,0,6,1660896350
210,10,19,22,23,25,37,39,2006-12-09,44757963000,0,2,5139085950
211,12,13,17,20,33,41,8,2006-12-16,45332675000,0,10,1035800250
212,11,12,18,21,31,38,8,2006-12-23,46139120000,0,4,2660747250
213,2,3,4,5,20,24,42,2006-12-30,48745094000,0,8,1376678025
214,5,7,20,25,28,37,32,2007-01-06,49195740000,0,8,1406980875
215,2,3,7,15,43,44,4,2007-01-13,47675761000,0,7,1587689615
216,7,16,17,33,36,40,1,2007-01-20,48342018000,0,13,848506108
217,16,20,27,33,35,39,38,2007-01-27,48260644000,0,7,1611246172
218,1,8,14,18,29,44,20,2007-02-03,47018314000,0,4,2779075800
219,4,11,20,26,35,37,16,2007-02-10,46903745000,0,9,1208409167
220,5,11,19,21,34,43,31,2007-02-17,50383399000,0,6,1958094950
221,2,20,33,35,37,40,10,2007-02-24,47674135000,0,6,1800104250
222,5,7,28,29,39,43,44,2007-03-03,47735197000,0,5,2275193820
223,1,3,18,20,26,27,38,2007-03-10,46036874000,0,7,1498170600
224,4,19,26,27,30,42,7,2007-03-17,46435109000,0,6,1808969950
225,5,11,13,19,31,36,7,2007-03-24,46352016000,0,6,1777201800
226,2,6,8,14,21,22,34,2007-03-31,45145643000,0,6,1744100150
227,4,5,15,16,22,42,2,2007-04-07,44444776000,0,2,5253542400
228,17,25,35,36,39,44,23,2007-04-14,44764100000,0,9,1146700334
229,4,5,9,11,23,38,35,2007-04-21,44762989000,0,7,1451441100
230,5,11,14,29,32,33,12,2007-04-28,44191351000,0,8,1292929163
231,5,10,19,31,44,45,27,2007-05-05,42355627000,0,9,1088365900
232,8,9,10,12,24,44,35,2007-05-12,43564632000,0,9,1110918400
233,4,6,13,17,28,40,39,2007-05-19,43516805000,0,10,999153750
234,13,21,22,24,26,37,4,2007-05-26,42814085000,0,4,2519743875
235,21,22,26,27,31,37,8,2007-06-02,43347391000,0,3,3433330100
236,1,4,8,13,37,39,7,2007-06-09,42941871000,0,2,5030040150
237,1,11,17,21,24,44,33,2007-06-16,43358287000,0,7,1440630729
238,2,4,15,28,31,34,35,2007-06-23,42952477000,0,9,1121660567
239,11,15,24,39,41,44,7,2007-06-30,43296565000,0,9,1134140167
240,6,10,16,40,41,43,21,2007-07-07,43603443000,0,2,5098251450
241,2,16,24,27,28,35,21,2007-07-14,43246894000,0,4,2552016300
242,4,19,20,21,32,34,43,2007-07-21,42679760000,0,8,1234542375
243,2,12,17,19,28,42,34,2007-07-28,41304830000,0,4,2408850000
244,13,16,25,36,37,38,19,2007-08-04,39411047000,0,1,9121583100
245,9,11,27,31,32,38,22,2007-08-11,41854623000,0,7,1382583129
246,13,18,21,23,26,39,15,2007-08-18,41453154000,0,5,1911774240
247,12,15,28,36,39,40,13,2007-08-25,42231698000,0,6,1669313900
248,3,8,17,23,38,45,13,2007-09-01,42348403000,0,8,1227479363
249,3,8,27,31,41,44,11,2007-09-08,42539134000,0,6,1663568700
250,19,23,30,37,43,45,38,2007-09-15,42122808000,0,5,1994726280
251,6,7,19,25,28,38,45,2007-09-22,44493014000,0,8,1282616400
252,14,23,26,31,39,45,28,2007-09-29,41207920000,0,7,1391089715
253,8,19,25,31,34,36,33,2007-10-06,42309347000,0,4,2466189525
254,1,5,19,20,24,30,27,2007-10-13,42259113000,0,1,9741015900
255,1,5,6,24,27,42,32,2007-10-20,41425341000,0,6,1598618550
256,4,11,14,21,23,43,32,2007-10-27,41996580000,0,2,4891017000
257,6,13,27,31,32,37,4,2007-11-03,41433637000,0,4,2391377025
258,14,27,30,31,38,40,17,2007-11-10,41364428000,0,4,2426434350
259,4,5,14,35,42,45,34,2007-11-17,40905570000,0,2,4838533500
260,7,12,15,24,37,40,43,2007-11-24,40140211000,0,4,2310085575
261,6,11,16,18,31,43,2,2007-12-01,41215041000,0,3,3192299100
262,9,12,24,25,29,31,36,2007-12-08,39232234000,0,2,4518741600
263,1,27,28,32,37,40,18,2007-12-15,39677128000,0,6,1551704900
264,9,16,27,36,41,44,5,2007-12-22,39783178000,0,7,1344889200
265,5,9,34,37,38,39,12,2007-12-29,40913922000,0,8,1200838575
266,3,4,9,11,22,42,37,2008-01-05,41937067000,0,3,3207211700
267,7,8,24,34,36,41,1,2008-01-12,41835853000,0,3,3257663300
268,3,10,19,24,32,45,12,2008-01-19,41213802000,0,7,1350954515
269,5,18,20,36,42,43,32,2008-01-26,41357619000,0,5,1961399940
270,5,9,12,20,21,26,27,2008-02-02,41845351000,0,5,1927830060
271,3,8,9,27,29,40,36,2008-02-09,40879633000,0,6,1565918150
272,7,9,12,27,39,43,28,2008-02-16,43310674000,0,9,1104622800
273,1,8,24,31,34,44,6,2008-02-23,42816211000,0,3,3339543100
274,13,14,15,26,35,39,25,2008-03-01,42631711000,0,4,2505085575
275,14,19,20,35,38,40,26,2008-03-08,42329813000,0,1,10044066900
276,4,15,21,33,39,41,25,2008-03-15,42567610000,0,3,3312569000
277,10,12,13,15,25,29,20,2008-03-22,41868708000,0,3,3272627800
278,3,11,37,39,41,43,13,2008-03-29,41088180000,0,3,3186530000
279,7,16,31,36,37,38,11,2008-04-05,41130542000,0,5,1914205320
280,10,11,23,24,36,37,35,2008-04-12,40673999000,0,7,1355258529
281,1,3,4,6,14,41,12,2008-04-19,40800514000,0,6,1554683200
282,2,5,10,18,31,32,30,2008-04-26,41051175000,0,7,1322052643
283,6,8,18,31,38,45,42,2008-05-03,40133316000,0,3,3137224600
284,2,7,15,24,30,45,28,2008-05-10,39773403000,0,3,3117640300
285,13,33,37,40,41,45,2,2008-05-17,40364871000,0,3,3164370100
286,1,15,19,40,42,44,17,2008-05-24,40944483000,0,3,3236566300
287,6,12,24,27,35,37,41,2008-05-31,40623489000,0,7,1328657100
288,1,12,17,28,35,41,10,2008-06-07,39970134000,0,4,2357261550
289,3,14,33,37,38,42,10,2008-06-14,39406643000,9181683900,0,0
290,8,13,18,32,39,45,7,2008-06-21,80362302000,0,13,2149214424
291,3,7,8,18,20,42,45,2008-06-28,44143418000,0,7,1450585200
292,17,18,31,32,33,34,10,2008-07-05,43394631000,0,14,720373950
293,1,9,17,21,29,33,24,2008-07-12,42399708000,0,6,1656764400
294,6,10,17,30,37,38,40,2008-07-19,41563813000,9626019900,4,2406504975
295,1,4,12,16,18,38,8,2008-07-26,42248135000,9823300500,0,0
296,3,8,15,27,30,45,44,2008-08-02,63377899000,24528706200,8,3066088275
297,6,11,19,20,28,32,34,2008-08-09,43641475000,10113337500,2,5056668750
298,5,9,27,29,37,40,19,2008-08-16,43151675000,9909778500,1,9909778500
299,1,3,20,25,36,45,24,2008-08-23,44463909000,10386407700,7,1483772529
300,7,9,10,12,26,38,39,2008-08-30,44465047000,10033109100,12,836092425
301,7,11,13,33,37,43,26,2008-09-06,44377177000,10131695100,7,1447385015
302,13,19,20,32,38,42,4,2008-09-13,46382605000,10944334500,2,5472167250
303,2,14,17,30,38,45,43,2008-09-20,42841760000,10036494000,6,1672749000
304,4,10,16,26,33,41,38,2008-09-27,43158653000,9969876900,6,1661646150
305,7,8,18,21,23,39,9,2008-10-04,43960659000,10041050700,5,2008210140
306,4,18,23,30,34,41,19,2008-10-11,44421462000,10513347600,5,2102669520
307,5,15,21,23,25,45,12,2008-10-18,43880990000,10350573000,4,2587643250
308,14,15,17,19,37,45,40,2008-10-25,43339416000,10232872800,1,10232872800
309,1,2,5,11,18,36,22,2008-11-01,44157528000,9917852400,11,901622946
310,1,5,19,28,34,41,16,2008-11-08,43718082000,10373706600,8,1296713325
311,4,12,24,27,28,32,10,2008-11-15,43209215000,9901528500,8,1237691063
312,2,3,5,6,12,20,25,2008-11-22,42255391000,9435267300,15,629017820
313,9,17,34,35,43,45,2,2008-11-29,43672096000,10292536800,6,1715422800
314,15,17,19,34,38,41,2,2008-12-06,42328094000,9963073200,6,1660512200
315,1,13,33,35,43,45,23,2008-12-13,44339180000,10469829000,8,1308728625
316,10,11,21,27,31,39,43,2008-12-20,44073768000,10041518400,6,1673586400
317,3,10,11,22,36,39,8,2008-12-27,44135114000,10305034200,4,2576258550
318,2,17,19,20,34,45,21,2009-01-03,46663728000,10866929400,9,1207436600
319,5,8,22,28,33,42,37,2009-01-10,45435183000,10678296900,5,2135659380
320,16,19,23,25,41,45,3,2009-01-17,46659886000,11026135800,2,5513067900
321,12,18,20,21,25,34,42,2009-01-24,50617982000,11754816600,6,1959136100
322,9,18,29,32,38,43,20,2009-01-31,48948294000,11427268200,6,1904544700
323,10,14,15,32,36,42,3,2009-02-07,49209477000,11688203100,8,1461025388
324,2,4,21,25,33,36,17,2009-02-14,47988317000,11190782100,6,1865130350
325,7,17,20,32,44,45,33,2009-02-21,46636979000,10836734700,6,1806122450
326,16,23,25,33,36,39,40,2009-02-28,47224551000,10992807300,6,1832134550
327,6,12,13,17,32,44,24,2009-03-07,45791560000,10592097000,12,882674750
328,1,6,9,16,17,28,24,2009-03-14,47316988000,10918775400,6,1819795900
329,9,17,19,30,35,42,4,2009-03-21,47198504000,10982347200,6,1830391200
330,3,4,16,17,19,20,23,2009-03-28,45859496000,10460521800,9,1162280200
331,4,9,14,26,31,44,39,2009-04-04,46641467000,10829513100,5,2165902620
332,16,17,34,36,42,45,3,2009-04-11,46042557000,10875587100,8,1359448388
333,5,14,27,30,39,43,35,2009-04-18,46019070000,10856910000,7,1550987143
334,13,15,21,29,39,43,33,2009-04-25,44439656000,10661020800,7,1523002972
335,5,9,16,23,26,45,21,2009-05-02,43977478000,10187462400,5,2037492480
336,3,5,20,34,35,44,16,2009-05-09,43069333000,10113795900,6,1685632650
337,1,5,14,18,32,37,4,2009-05-16,43432467000,10060004100,8,1257500513
338,2,13,34,38,42,45,16,2009-05-23,43136020000,10150293000,3,3383431000
339,6,8,14,21,30,37,45,2009-05-30,42035640000,9871005000,9,1096778334
340,18,24,26,29,34,38,32,2009-06-06,42892121000,10075752300,7,1439393186
341,1,8,19,34,39,43,41,2009-06-13,44722448000,10480454400,7,1497207772
342,1,13,14,33,34,43,25,2009-06-20,43782188000,10362287400,3,3454095800
343,1,10,17,29,31,43,15,2009-06-27,43656460000,10302918000,6,1717153000
344,1,2,15,28,34,45,38,2009-07-04,43838886000,10269745800,7,1467106543
345,15,20,23,29,39,42,2,2009-07-11,43530937000,10407155100,2,5203577550
346,5,13,14,22,44,45,33,2009-07-18,42862389000,10088636700,5,2017727340
347,3,8,13,27,32,42,10,2009-07-25,44219740000,10196370000,7,1456624286
348,3,14,17,20,24,31,34,2009-08-01,42786310000,9899982000,3,3299994000
349,5,13,14,20,24,25,36,2009-08-08,43433870000,10059627000,3,3353209000
350,1,8,18,24,29,33,35,2009-08-15,42681094000,9909472200,9,1101052467
351,5,25,27,29,34,36,33,2009-08-22,43947492000,10333428600,4,2583357150
352,5,16,17,20,26,41,24,2009-08-29,44719545000,10397149500,6,1732858250
353,11,16,19,22,29,36,26,2009-09-05,44552925000,10581676500,2,5290838250
354,14,19,36,43,44,45,1,2009-09-12,44709689000,10622321700,5,2124464340
355,5,8,29,30,35,44,38,2009-09-19,45017050000,10727124000,5,2145424800
356,2,8,14,25,29,45,24,2009-09-26,44684958000,10414667400,9,1157185267
357,10,14,18,21,36,37,5,2009-10-03,45232409000,10626788700,2,5313394350
358,1,9,10,12,21,40,37,2009-10-10,45651829000,10417964700,3,3472654900
359,1,10,19,20,24,40,23,2009-10-17,45288256000,10293700800,8,1286712600
360,4,16,23,25,35,40,27,2009-10-24,45719032000,10700148600,3,3566716200
361,5,10,16,24,27,35,33,2009-10-31,45062676000,10311805800,7,1473115115
362,2,3,22,27,30,40,29,2009-11-07,44336363000,10376547900,6,1729424650
363,11,12,14,21,32,38,6,2009-11-14,44863948000,10463642400,4,2615910600
364,2,5,7,14,16,40,4,2009-11-21,44192004000,10127659200,4,2531914800
365,5,15,21,25,26,30,31,2009-11-28,45806066000,10697716800,1,10697716800
366,5,12,19,26,27,44,38,2009-12-05,45962166000,10703107800,2,5351553900
367,3,22,25,29,32,44,19,2009-12-12,46459307000,11072156100,7,1581736586
368,11,21,24,30,39,45,26,2009-12-19,43746046000,10260775800,7,1465825115
369,17,20,35,36,41,43,21,2009-12-26,46716275000,11053066500,6,1842177750
370,16,18,24,42,44,45,17,2010-01-02,49762652000,11752593600,7,1678941943
371,7,9,15,26,27,42,18,2010-01-09,45843166000,10668913800,7,1524130543
372,8,11,14,16,18,21,13,2010-01-16,46167066000,10733338800,9,1192593200
373,15,26,37,42,43,45,9,2010-01-23,47095065000,11167204500,4,2791801125
374,11,13,15,17,25,34,26,2010-01-30,48081319000,11057435700,2,5528717850
375,4,8,19,25,27,45,7,2010-02-06,47864938000,11068988400,7,1581284058
376,1,11,13,24,28,40,7,2010-02-13,50657096000,11741494800,6,1956915800
377,6,22,29,37,43,45,23,2010-02-20,49218434000,11736256200,3,3912085400
378,5,22,29,31,34,39,43,2010-02-27,48866964000,11588491200,5,2317698240
379,6,10,22,31,35,40,19,2010-03-06,47537685000,11192998500,7,1598999786
380,1,2,8,17,26,37,27,2010-03-13,47164371000,10737099300,4,2684274825
381,1,5,10,12,16,20,11,2010-03-20,47943113000,10749039900,19,565738895
382,10,15,22,24,27,42,19,2010-03-27,47401288000,11080049400,6,1846674900
383,4,15,28,33,37,40,25,2010-04-03,46067051000,10789566300,3,3596522100
384,11,22,24,32,36,38,7,2010-04-10,46888942000,10976202600,3,3658734200
385,7,12,19,21,29,32,9,2010-04-17,46243483000,10794228900,7,1542032700
386,4,7,10,19,31,40,26,2010-04-24,45907331000,10429533300,10,1042953330
387,1,26,31,34,40,43,20,2010-05-01,45459960000,10702134000,4,2675533500
388,1,8,9,17,29,32,45,2010-05-08,44308705000,10182175500,4,2545543875
389,7,16,18,20,23,26,3,2010-05-15,45534027000,10595135100,5,2119027020
390,16,17,28,37,39,40,15,2010-05-22,44189673000,10373997900,1,10373997900
391,10,11,18,22,28,39,30,2010-05-29,45161516000,10508749800,1,10508749800
392,1,3,7,8,24,42,43,2010-06-05,45528684000,10281172200,6,1713528700
393,9,16,28,40,41,43,21,2010-06-12,45989116000,10896031800,8,1362003975
394,1,13,20,22,25,28,15,2010-06-19,45192337000,10654349100,1,10654349100
395,11,15,20,26,31,35,7,2010-06-26,46192580000,10742445000,7,1534635000
396,18,20,31,34,40,45,30,2010-07-03,45463736000,10593244800,2,5296622400
397,12,13,17,22,25,33,8,2010-07-10,45890007000,10498559100,3,3499519700
398,10,15,20,23,42,44,7,2010-07-17,45427304000,10722502200,4,2680625550
399,1,2,9,17,19,42,20,2010-07-24,45551786000,10214839800,8,1276854975
400,9,21,27,34,41,43,2,2010-07-31,45379731000,10679337300,4,2669834325
401,6,12,18,31,38,43,9,2010-08-07,43491965000,10513933125,9,1168214792
402,5,9,15,19,22,36,32,2010-08-14,45002946000,10648824750,4,2662206188
403,10,14,22,24,28,37,26,2010-08-21,44911335000,10611984375,5,2122396875
404,5,20,21,24,33,40,36,2010-08-28,45389825000,10699978125,3,3566659375
405,1,2,10,25,26,44,4,2010-09-04,45220904000,10631634000,3,3543878000
406,7,12,21,24,27,36,45,2010-09-11,46062206000,10780712250,5,2156142450
407,6,7,13,16,24,25,1,2010-09-18,48429586000,11547951000,7,1649707286
408,9,20,21,22,30,37,16,2010-09-25,46406711000,11176879125,5,2235375825
409,6,9,21,31,32,40,38,2010-10-02,47924584000,11587959000,4,2896989750
410,1,3,18,32,40,41,16,2010-10-09,47467817000,11244021375,9,1249335709
411,11,14,22,35,37,39,5,2010-10-16,47259122000,11438730750,12,953227563
412,4,7,39,41,42,45,40,2010-10-23,47066180000,11593398750,7,1656199822
413,2,9,15,23,34,40,3,2010-10-30,46925724000,11258694000,4,2814673500
414,2,14,15,22,23,44,43,2010-11-06,46910990000,11703832500,1,11703832500
415,7,17,20,26,30,40,24,2010-11-13,46746048000,10673459250,8,1334182407
416,5,6,8,11,22,26,44,2010-11-20,46854806000,10720371000,10,1072037100
417,4,5,14,20,22,43,44,2010-11-27,45968256000,11273319750,4,2818329938
418,11,13,15,26,28,34,31,2010-12-04,47058055000,11485198125,8,1435649766
419,2,11,13,14,28,30,7,2010-12-11,46508296000,11389472250,3,3796490750
420,4,9,10,29,31,34,27,2010-12-18,47345476000,11398851000,8,1424856375
421,6,11,26,27,28,44,30,2010-12-25,47752021000,11605721625,5,2321144325
422,8,15,19,21,34,44,12,2011-01-01,52730602000,13231508250,6,2205251375
423,1,17,27,28,29,40,5,2011-01-08,49668311000,11688461625,3,3896153875
424,10,11,26,31,34,44,30,2011-01-15,48728445000,11094808125,10,1109480813
425,8,10,14,27,33,38,3,2011-01-22,50459694000,12278664000,8,1534833000
426,4,17,18,27,39,43,19,2011-01-29,51466592000,12228934500,4,3057233625
427,6,7,15,24,28,30,21,2011-02-05,52511055000,12571445625,1,12571445625
428,12,16,19,22,37,40,8,2011-02-12,54685007000,12939148875,9,1437683209
429,3,23,28,34,39,42,16,2011-02-19,53993833000,13373142375,9,1485904709
430,1,3,16,18,30,34,44,2011-02-26,53194872000,12894105750,8,1611763219
431,18,22,25,31,38,45,6,2011-03-05,51661947000,12684340125,10,1268434013
432,2,3,5,11,27,39,33,2011-03-12,52348574000,11497137750,5,2299427550
433,19,23,29,33,35,43,27,2011-03-19,52396606000,13005238500,11,1182294410
434,3,13,20,24,33,37,35,2011-03-26,51579439000,11840482125,8,1480060266
435,8,16,26,30,38,45,42,2011-04-02,52341267000,12875500125,10,1287550013
436,9,14,20,22,33,34,28,2011-04-09,50869017000,12098132625,8,1512266579
437,11,16,29,38,41,44,21,2011-04-16,50798417000,12577472625,6,2096245438
438,6,12,20,26,29,38,45,2011-04-23,50370042000,12394279500,9,1377142167
439,17,20,30,31,37,40,25,2011-04-30,49680708000,11400464250,6,1900077375
440,10,22,28,34,36,44,2,2011-05-07,49810778000,11975238000,6,1995873000
441,1,23,28,30,34,35,9,2011-05-14,50272122000,12681668250,4,3170417063
442,25,27,29,36,38,40,41,2011-05-21,51219943000,12720717375,9,1413413042
443,4,6,10,19,20,44,14,2011-05-28,51236072000,11948378250,9,1327597584
444,11,13,23,35,43,45,17,2011-06-04,50673529000,12462565875,3,4154188625
445,13,20,21,30,39,45,32,2011-06-11,50053080000,12541781250,7,1791683036
446,1,11,12,14,26,35,6,2011-06-18,50595241000,12153742875,3,4051247625
447,2,7,8,9,17,33,34,2011-06-25,49555042000,10631764500,4,2657941125
448,3,7,13,27,40,41,36,2011-07-02,51341262000,12078638250,3,4026212750
449,3,10,20,26,35,43,36,2011-07-09,50214272000,12179145750,3,4059715250
450,6,14,19,21,23,31,13,2011-07-16,49732036000,11942349750,6,1990391625
451,12,15,20,24,30,38,29,2011-07-23,49861167000,11467806375,13,882138952
452,8,10,18,30,32,34,27,2011-07-30,48456758000,11492118000,9,1276902000
453,12,24,33,38,40,42,30,2011-08-06,48055125000,11313661875,5,2262732375
454,13,25,27,34,38,41,10,2011-08-13,48389211000,11263879125,7,1609125590
455,4,19,20,26,30,35,24,2011-08-20,48769851000,11449980375,7,1635711483
456,1,7,12,18,23,27,44,2011-08-27,49420681000,11189535375,7,1598505054
457,8,10,18,23,27,40,33,2011-09-03,49679052000,11599028250,10,1159902825
458,4,9,10,32,36,40,18,2011-09-10,53778256000,12870501000,8,1608812625
459,4,6,10,14,25,40,12,2011-09-17,49890095000,11590895625,7,1655842233
460,8,11,28,30,43,45,41,2011-09-24,51917635000,12723583125,4,3180895782
461,11,18,26,31,37,40,43,2011-10-01,50624588000,11692049250,6,1948674875
462,3,20,24,32,37,45,4,2011-10-08,49325555000,11868474375,8,1483559297
463,23,29,31,33,34,44,40,2011-10-15,49205151000,12140599125,0,0
464,6,12,15,34,42,44,4,2011-10-22,126772274000,43624374375,13,3355721106
465,1,8,11,13,22,38,31,2011-10-29,57793294000,13465640250,7,1923662893
466,4,10,13,23,32,44,20,2011-11-05,58314753000,13772821125,9,1530313459
467,2,12,14,17,24,40,39,2011-11-12,57383906000,12918969750,9,1435441084
468,8,13,15,28,37,43,17,2011-11-19,55598552000,13744774500,9,1527197167
469,4,21,22,34,37,38,33,2011-11-26,53364940000,13320525000,4,3330131250
470,10,16,20,39,41,42,27,2011-12-03,53912965000,12999991875,3,4333330625
471,6,13,29,37,39,41,43,2011-12-10,53492340000,13575330000,7,1939332858
472,16,25,26,31,36,43,44,2011-12-17,51929207000,12667592625,7,1809656090
473,8,13,20,22,23,36,34,2011-12-24,52867236000,13001672250,4,3250418063
474,4,13,18,31,33,45,43,2011-12-31,58978482000,14050362000,15,936690800
475,1,9,14,16,21,29,3,2012-01-07,56043275000,13551384375,8,1693923047
476,9,12,13,15,37,38,27,2012-01-14,55591819000,13759405875,4,3439851469
477,14,25,29,32,33,45,37,2012-01-21,60801409000,15352094625,8,1919011829
478,18,29,30,37,39,43,8,2012-01-28,54975901000,13821146626,14,987224759
479,8,23,25,27,35,44,24,2012-02-04,54848834000,13398279000,6,2233046500
480,3,5,10,17,30,31,16,2012-02-11,55415681000,11986969125,4,2996742282
481,3,4,23,29,40,41,20,2012-02-18,55642616000,13918067250,3,4639355750
482,1,10,16,24,25,35,43,2012-02-25,56201452000,13285448250,7,1897921179
483,12,15,19,22,28,34,5,2012-03-03,55582659000,12835983375,5,2567196675
484,1,3,27,28,32,45,11,2012-03-10,55885979000,13831818375,6,2305303063
485,17,22,26,27,36,39,20,2012-03-17,55692878000,13513274250,9,1501474917
486,1,2,23,25,38,40,43,2012-03-24,54540823000,13112243625,13,1008634125
487,4,8,25,27,37,41,21,2012-03-31,55276503000,13110646125,8,1638830766
488,2,8,17,30,31,38,25,2012-04-07,54213092000,13303935750,10,1330393575
489,2,4,8,15,20,27,11,2012-04-14,53558490000,12638163750,6,2106360625
490,2,7,26,29,40,43,42,2012-04-21,52590121000,13021639125,7,1860234161
491,8,17,35,36,39,42,4,2012-04-28,53413874000,13218537750,4,3304634438
492,22,27,31,35,37,40,42,2012-05-05,51693454000,12465069000,5,2493013800
493,20,22,26,33,36,37,25,2012-05-12,53231838000,13060083000,9,1451120334
494,5,7,8,15,30,43,22,2012-05-19,53321589000,12655060875,12,1054588407
495,4,13,22,27,34,44,6,2012-05-26,53645960000,12669870000,6,2111645000
496,4,13,20,29,36,41,39,2012-06-02,52915804000,13143729000,4,3285932250
497,19,20,23,24,43,44,13,2012-06-09,52411585000,13336906875,6,2222817813
498,13,14,24,32,39,41,3,2012-06-16,52851253000,12978012375,4,3244503094
499,5,20,23,27,35,40,43,2012-06-23,52767632000,12211440750,3,4070480250
500,3,4,12,20,24,34,41,2012-06-30,54012267000,12159651375,9,1351072375
501,1,4,10,17,31,42,2,2012-07-07,52717711000,12100800375,4,3025200094
502,6,22,28,32,34,40,26,2012-07-14,54000640000,13208748750,6,2201458125
503,1,5,27,30,34,36,40,2012-07-21,53572205000,12975444375,7,1853634911
504,6,14,22,26,43,44,31,2012-07-28,51787037000,12989132625,9,1443236959
505,7,20,22,25,38,40,44,2012-08-04,49103223000,11507731125,6,1917955188
506,6,9,11,22,24,30,31,2012-08-11,52363311000,12220001625,3,4073333875
507,12,13,32,33,40,41,4,2012-08-18,53638773000,12747949875,9,1416438875
508,5,27,31,34,35,43,37,2012-08-25,54010391000,12796462875,8,1599557860
509,12,25,29,35,42,43,24,2012-09-01,53390358000,13445380500,5,2689076100
510,12,29,32,33,39,40,42,2012-09-08,53964992000,13220790750,5,2644158150
511,3,7,14,23,26,42,24,2012-09-15,53970308000,12993475500,6,2165579250
512,4,5,9,13,26,27,1,2012-09-22,54017801000,12221227875,13,940094452
513,5,8,21,23,27,33,12,2012-09-29,58317548000,13768874250,3,4589624750
514,1,15,20,26,35,42,9,2012-10-06,54452404000,13353166500,3,4451055500
515,2,11,12,15,23,37,8,2012-10-13,55258935000,13200466875,1,13200466875
516,2,8,23,41,43,44,30,2012-10-20,56385762000,14236092000,11,1294190182
517,1,9,12,28,36,41,10,2012-10-27,54468223000,13295288625,5,2659057725
518,14,23,30,32,34,38,6,2012-11-03,55321566000,13582824750,6,2263804125
519,6,8,13,16,30,43,3,2012-11-10,55614206000,13654209750,7,1950601393
520,4,22,27,28,38,40,1,2012-11-17,55003797000,13003232625,6,2167205438
521,3,7,18,29,32,36,19,2012-11-24,56185373000,13547367375,8,1693420922
522,4,5,13,14,37,41,11,2012-12-01,57053378000,13689738000,6,2281623000
523,1,4,37,38,40,45,7,2012-12-08,53678449000,12462490875,7,1780355840
524,10,11,29,38,41,45,21,2012-12-15,55662103000,13966782375,4,3491695594
525,11,23,26,29,39,44,22,2012-12-22,55566007000,13510191375,9,1501132375
526,7,14,17,20,35,39,31,2012-12-29,56527807000,13419287625,9,1491031959
527,1,12,22,32,33,42,38,2013-01-05,56985634000,13421022750,13,1032386366
528,5,17,25,31,39,40,10,2013-01-12,57548541000,13176780375,11,1197889125
529,18,20,24,27,31,42,39,2013-01-19,57645779000,13992918375,8,1749114797
530,16,23,27,29,33,41,22,2013-01-26,56241083000,13548218625,11,1231656239
531,1,5,9,21,27,35,45,2013-02-02,57567064000,13693677750,9,1521519750
532,16,17,23,24,29,44,3,2013-02-09,61687384000,15518274000,7,2216896286
533,9,14,15,17,31,33,23,2013-02-16,59275357000,14285372625,8,1785671579
534,10,24,26,29,37,38,32,2013-02-23,59227462000,14215763250,1,14215763250
535,11,12,14,15,18,39,34,2013-03-02,60523884000,14806809000,3,4935603000
536,7,8,18,32,37,43,12,2013-03-09,59763469000,14393759625,11,1308523603
537,12,23,26,30,36,43,11,2013-03-16,59453323000,14728272375,7,2104038911
538,6,10,18,31,32,34,11,2013-03-23,59233373000,14064064875,3,4688021625
539,3,19,22,31,42,43,26,2013-03-30,59168870000,14589330000,9,1621036667
540,3,12,13,15,34,36,14,2013-04-06,56739658000,13925556750,7,1989365250
541,8,13,26,28,32,34,43,2013-04-13,57087047000,13962598875,11,1269327171
542,5,6,19,26,41,45,34,2013-04-20,56949161000,14010915375,6,2335152563
543,13,18,26,31,34,44,12,2013-04-27,56570245000,13355218125,12,1112934844
544,5,17,21,25,36,44,10,2013-05-04,56056189000,13603049625,13,1046388433
545,4,24,25,27,34,35,2,2013-05-11,55967171000,13188937875,11,1198994353
546,8,17,20,27,37,43,6,2013-05-18,56713166000,12178198500,30,405939950
547,6,7,15,22,34,39,28,2013-05-25,57968466000,14192222250,5,2838444450
548,1,12,13,21,32,45,14,2013-06-01,57771827000,13894975125,8,1736871891
549,29,31,35,38,40,44,17,2013-06-08,56864611000,14086440375,8,1760805047
550,1,7,14,20,34,37,41,2013-06-15,56441770000,12305471250,11,1118679205
551,3,6,20,24,27,44,25,2013-06-22,56989370000,13526973750,1,13526973750
552,1,10,20,32,35,40,43,2013-06-29,57602386000,13308242250,10,1330824225
553,2,7,17,28,29,39,37,2013-07-06,56487483000,13497788625,6,2249631438
554,13,14,17,32,41,42,6,2013-07-13,56124466000,13627787250,2,6813893625
555,11,17,21,24,26,36,12,2013-07-20,57273817000,13688218875,8,1711027360
556,12,20,23,28,30,44,43,2013-07-27,57374791000,14036464125,7,2005209161
557,4,20,26,28,35,40,31,2013-08-03,55086560000,13216485000,7,1888069286
558,12,15,19,26,40,43,29,2013-08-10,54939001000,13159136625,10,1315913663
559,11,12,25,32,44,45,23,2013-08-17,55733418000,13483019250,7,1926145608
560,1,4,20,23,29,45,28,2013-08-24,56565298000,13836880500,7,1976697215
561,5,7,18,37,42,45,20,2013-08-31,56638383000,13768561125,5,2753712225
562,4,11,13,17,20,31,33,2013-09-07,56288212000,12833640750,11,1166694614
563,5,10,16,17,31,32,21,2013-09-14,57320132000,13529149500,7,1932735643
564,14,19,25,26,27,34,2,2013-09-21,58012468000,13543608000,7,1934801143
565,4,10,18,27,40,45,38,2013-09-28,59556622000,13936515750,8,1742064469
566,4,5,6,25,26,43,41,2013-10-05,57666611000,14035804125,4,3508951032
567,1,10,15,16,32,41,28,2013-10-12,57439471000,13911956625,6,2318659438
568,1,3,17,20,31,44,40,2013-10-19,57681628000,13051675500,10,1305167550
569,3,6,13,23,24,35,1,2013-10-26,58441902000,13871700750,4,3467925188
570,1,12,26,27,29,33,42,2013-11-02,57654279000,13750124625,9,1527791625
571,11,18,21,26,38,43,29,2013-11-09,56493528000,13765769250,7,1966538465
572,3,13,18,33,37,45,1,2013-11-16,56473602000,13345729500,8,1668216188
573,2,4,20,34,35,43,14,2013-11-23,56092721000,13165534125,8,1645691766
574,14,15,16,19,25,43,2,2013-11-30,55882933000,13930369875,2,6965184938
575,2,8,20,30,33,34,6,2013-12-07,56330738000,13594143000,8,1699267875
576,10,11,15,25,35,41,13,2013-12-14,54691148000,12965898000,3,4321966000
577,16,17,22,31,34,37,33,2013-12-21,57010827000,13453315125,3,4484438375
578,5,12,14,32,34,42,16,2013-12-28,58584741000,13982332875,5,2796466575
579,5,7,20,22,37,42,39,2014-01-04,63532871000,15356752884,11,1396068444
580,5,7,9,11,32,35,33,2014-01-11,60514216000,14200273500,7,2028610500
581,3,5,14,20,42,44,33,2014-01-18,60257457000,14756436376,8,1844554547
582,2,12,14,33,40,41,25,2014-01-25,59306953000,14242234876,4,3560558719
583,8,17,27,33,40,44,24,2014-02-01,62675295000,14760331883,11,1341848353
584,7,18,30,39,40,41,36,2014-02-08,61343856000,15099549750,3,5033183250
585,6,7,10,16,38,41,4,2014-02-15,60253002000,14584917006,9,1620546334
586,2,7,12,15,21,34,5,2014-02-22,59502096000,14226834752,8,1778354344
587,14,21,29,31,32,37,17,2014-03-01,59715499000,14923732125,3,4974577375
588,2,8,15,22,25,41,30,2014-03-08,59533101000,14446710375,5,2889342075
589,6,8,28,33,38,39,22,2014-03-15,60643729000,14958145881,7,2136877983
590,20,30,36,38,41,45,23,2014-03-22,60003131000,15296287881,7,2185183983
591,8,13,14,30,38,39,5,2014-03-29,59373946000,14823381000,5,2964676200
592,2,5,6,13,28,44,43,2014-04-05,58097477000,14138290128,6,2356381688
593,9,10,13,24,33,38,28,2014-04-12,59368204000,13795501500,9,1532833500
594,2,8,13,25,28,37,3,2014-04-19,57764442000,13811520756,11,1255592796
595,8,24,28,35,38,40,5,2014-04-26,57797288000,13956201752,8,1744525219
596,3,4,12,14,25,43,17,2014-05-03,56561071000,13282676630,10,1328267663
597,8,10,23,24,35,43,37,2014-05-10,56832361000,13752967878,13,1057920606
598,4,12,24,33,38,45,22,2014-05-17,57518550000,13343977504,16,833998594
599,5,12,17,29,34,35,27,2014-05-24,57381791000,13687346632,8,1710918329
600,5,11,14,27,29,36,44,2014-05-31,56372519000,13526980875,15,901798725
601,2,16,19,31,34,35,37,2014-06-07,55868455000,13721086881,9,1524565209
602,13,14,22,27,30,38,2,2014-06-14,56262855000,13516246880,8,1689530860
603,2,19,25,26,27,43,28,2014-06-21,56276650000,13808546252,4,3452136563
604,2,6,18,21,33,34,30,2014-06-28,56266399000,13520557127,11,1229141557
605,1,2,7,9,10,38,42,2014-07-05,56622924000,12548090250,9,1394232250
606,1,5,6,14,20,39,22,2014-07-12,56928896000,13115668500,10,1311566850
607,8,14,23,36,38,39,13,2014-07-19,56806213000,13977923628,4,3494480907
608,4,8,18,19,39,44,41,2014-07-26,56146117000,13604710126,7,1943530018
609,4,8,27,34,39,40,13,2014-08-02,54858201000,12678622876,2,6339311438
610,14,18,20,23,28,36,33,2014-08-09,56862756000,14064073500,4,3516018375
611,2,22,27,33,36,37,14,2014-08-16,57411079000,14010824628,4,3502706157
612,6,9,18,19,25,33,40,2014-08-23,56931314000,12998757750,11,1181705250
613,7,8,11,16,41,44,35,2014-08-30,57986249000,13948480881,9,1549831209
614,8,21,25,39,40,44,18,2014-09-06,62301977000,15245852628,6,2540975438
615,10,17,18,19,23,27,35,2014-09-13,59072378000,13815561753,9,1535062417
616,5,13,18,23,40,45,3,2014-09-20,60303360000,14506301250,9,1611811250
617,4,5,11,12,24,27,28,2014-09-27,58958123000,13037614880,8,1629701860
618,8,16,25,30,42,43,15,2014-10-04,58550803000,14406631125,5,2881326225
619,6,8,13,30,35,40,21,2014-10-11,58822925000,13837438125,3,4612479375
620,2,16,17,32,39,45,40,2014-10-18,58342777000,14197982631,7,2028283233
621,1,2,6,16,19,42,9,2014-10-25,59407216000,14158341000,6,2359723500
622,9,15,16,21,28,34,24,2014-11-01,59601329000,14675384628,9,1630598292
623,7,13,30,39,41,45,25,2014-11-08,58504142000,14509620752,8,1813702594
624,1,7,19,26,27,35,16,2014-11-15,57832726000,13818647250,5,2763729450
625,3,6,7,20,21,39,13,2014-11-22,58614979000,13825923375,5,2765184675
626,13,14,26,33,40,43,15,2014-11-29,58986187000,13742968880,8,1717871110
627,2,9,22,25,31,45,12,2014-12-06,55981334000,13522306500,10,1352230650
628,1,7,12,15,23,42,11,2014-12-13,57253109000,13499485875,9,1499942875
629,19,28,31,38,43,44,1,2014-12-20,57618701000,14597167875,5,2919433575
630,8,17,21,24,27,31,15,2014-12-27,61335894000,14508916500,3,4836305500
631,1,2,4,23,31,34,8,2015-01-03,65300621000,15679414128,4,3919853532
632,15,18,21,32,35,44,6,2015-01-10,63066603000,15758464876,11,1432587716
633,9,12,19,20,39,41,13,2015-01-17,62015797000,14607085128,12,1217257094
634,4,10,11,12,20,27,38,2015-01-24,63149567000,14013156378,13,1077935106
635,11,13,25,26,29,33,32,2015-01-31,62429621000,14844697880,8,1855587235
636,6,7,15,16,20,31,26,2015-02-07,62786394000,14658897752,8,1832362219
637,3,16,22,37,38,44,23,2015-02-14,63504865000,15596964376,4,3899241094
638,7,18,22,24,31,34,6,2015-02-21,64319586000,15605822253,7,2229403179
639,6,15,22,23,25,32,40,2015-02-28,66202599000,16244740876,4,4061185219
640,14,15,18,21,26,35,23,2015-03-07,64080502000,15558919506,9,1728768834
641,11,18,21,36,37,43,12,2015-03-14,63773134000,15920596504,8,1990074563
642,8,17,18,24,39,45,32,2015-03-21,63544224000,15017525256,12,1251460438
643,15,24,31,32,33,40,13,2015-03-28,63110068000,15214581750,6,2535763625
644,5,13,17,23,28,36,8,2015-04-04,61846599000,14651609632,8,1831451204
645,1,4,16,26,40,41,31,2015-04-11,62661756000,14785191000,4,3696297750
646,2,9,24,41,43,45,30,2015-04-18,62308090000,15508488751,7,2215498393
647,5,16,21,23,24,30,29,2015-04-25,62314338000,15328079256,7,2189725608
648,13,19,28,37,38,43,4,2015-05-02,60874405000,14846915629,7,2120987947
649,3,21,22,33,41,42,20,2015-05-09,60473178000,14740210500,5,2948042100
650,3,4,7,11,31,41,35,2015-05-16,60991082000,14246494500,5,2849298900
651,11,12,16,26,29,44,18,2015-05-23,61494891000,14842451632,8,1855306454
652,3,13,15,40,41,44,20,2015-05-30,60426977000,15017417625,5,3003483525
653,5,6,26,27,38,39,1,2015-06-06,59716037000,13733421380,14,980958670
654,16,21,26,31,36,43,6,2015-06-13,60697813000,15034411128,8,1879301391
655,7,37,38,39,40,44,18,2015-06-20,60434801000,14952956625,9,1661439625
656,3,7,14,16,31,40,39,2015-06-27,61328118000,14660005500,2,7330002750
657,10,14,19,39,40,43,23,2015-07-04,61769837000,15252865128,9,1694762792
658,8,19,25,28,32,36,37,2015-07-11,61131243000,14706282375,9,1634031375
659,7,18,19,27,29,42,45,2015-07-18,61677747000,14702646376,11,1336604216
660,4,9,23,33,39,44,14,2015-07-25,60813322000,14212725750,10,1421272575
661,2,3,12,20,27,38,40,2015-08-01,59597375000,13704204376,8,1713025547
662,5,6,9,11,15,37,26,2015-08-08,59164542000,13517869504,8,1689733688
663,3,5,8,19,38,42,20,2015-08-15,61100704000,14561709001,7,2080244143
664,10,20,33,36,41,44,5,2015-08-22,61921689000,15368013380,10,1536801338
665,5,6,11,17,38,44,13,2015-08-29,61885874000,14572921500,4,3643230375
666,2,4,6,11,17,28,16,2015-09-05,62652917000,14381406378,6,2396901063
667,15,17,25,37,42,43,13,2015-09-12,63421632000,15601350751,7,2228764393
668,12,14,15,24,27,32,3,2015-09-19,63346405000,14955793125,5,2991158625
669,7,8,20,29,33,38,9,2015-09-26,67952211000,16249039128,6,2708173188
670,11,18,26,27,40,41,25,2015-10-03,62242687000,14300702628,12,1191725219
671,7,9,10,13,31,35,24,2015-10-10,63940807000,14889291376,4,3722322844
672,8,21,28,31,36,45,43,2015-10-17,63542330000,15792705000,9,1754745000
673,7,10,17,29,33,44,5,2015-10-24,63163578000,14914533000,10,1491453300
674,9,10,14,25,27,31,11,2015-10-31,61386974000,14164524000,8,1770565500
675,1,8,11,15,18,45,7,2015-11-07,60458623000,14058196128,4,3514549032
676,1,8,17,34,39,45,27,2015-11-14,62147642000,15037812000,8,1879726500
677,12,15,24,36,41,44,42,2015-11-21,62267624000,15368915256,8,1921114407
678,4,5,6,12,25,37,45,2015-11-28,60887293000,13730941128,6,2288490188
679,3,5,7,14,26,34,35,2015-12-05,62220918000,14315028000,5,2863005600
680,4,10,19,29,32,42,30,2015-12-12,64245201000,15547987882,14,1110570563
681,21,24,27,29,43,44,7,2015-12-19,63268253000,16177973628,6,2696328938
682,17,23,27,35,38,43,2,2015-12-26,66757858000,16254854252,4,4063713563
683,6,13,20,27,28,40,15,2016-01-02,71940091000,16174894128,16,1010930883
684,1,11,15,17,25,39,40,2016-01-09,66623887000,15199341381,9,1688815709
685,6,7,12,28,38,40,18,2016-01-16,69126675000,16438044381,11,1494367671
686,7,12,15,24,25,43,13,2016-01-23,65274010000,15500253752,8,1937531719
687,1,8,10,13,28,42,45,2016-01-30,68044669000,16320175878,6,2720029313
688,5,15,22,23,34,35,2,2016-02-06,73095612000,17707830750,9,1967536750
689,7,17,19,30,36,38,34,2016-02-13,67460147000,16252431377,7,2321775911
690,24,25,33,34,38,39,43,2016-02-20,69142025000,16897614375,15,1126507625
691,15,27,33,35,43,45,16,2016-02-27,68590328000,17035780500,6,2839296750
692,3,11,14,15,32,36,44,2016-03-05,66390499000,16108915879,7,2301273697
693,1,6,11,28,34,42,30,2016-03-12,67352935000,16427638130,10,1642763813
694,7,15,20,25,33,43,12,2016-03-19,67533257000,15550363880,10,1555036388
695,4,18,26,33,34,38,14,2016-03-26,67672085000,15952363130,11,1450214830
696,1,7,16,18,34,38,21,2016-04-02,67542971000,16320544130,10,1632054413
697,2,5,8,11,33,39,31,2016-04-09,66966141000,15314430380,10,1531443038
698,3,11,13,21,33,37,18,2016-04-16,66283268000,15368673000,8,1921084125
699,4,5,8,16,21,29,3,2016-04-23,66743146000,15963291000,8,1995411375
700,11,23,28,29,30,44,13,2016-04-30,66846276000,16656793504,8,2082099188
701,3,10,14,16,36,38,35,2016-05-07,64454138000,15831831750,10,1583183175
702,3,13,16,24,26,29,9,2016-05-14,66219854000,16116005257,11,1465091387
703,10,28,31,33,41,44,21,2016-05-21,65728988000,16178920500,5,3235784100
704,1,4,8,23,33,42,45,2016-05-28,65930117000,15460761376,4,3865190344
705,1,6,17,22,28,45,23,2016-06-04,65859843000,15948826128,4,3987206532
706,3,4,6,10,28,30,37,2016-06-11,65723488000,15326984252,4,3831746063
707,2,12,19,24,39,44,35,2016-06-18,66813924000,15866007756,12,1322167313
708,2,10,16,19,34,45,1,2016-06-25,66806307000,16398208876,4,4099552219
709,10,18,30,36,39,44,32,2016-07-02,65592504000,16313802750,14,1165271625
710,3,4,9,24,25,33,10,2016-07-09,65083972000,14477205750,5,2895441150
711,11,15,24,35,37,45,42,2016-07-16,66152746000,15941893506,7,2277413358
712,17,20,30,31,33,45,19,2016-07-23,66136318000,16137940500,4,4034485125
713,2,5,15,18,19,23,44,2016-07-30,64646552000,15432488253,9,1714720917
714,1,7,22,33,37,40,20,2016-08-06,64099989000,14595922131,7,2085131733
715,2,7,27,33,41,44,10,2016-08-13,65794607000,15633062628,6,2605510438
716,2,6,13,16,29,30,21,2016-08-20,67040169000,16305025884,12,1358752157
717,2,11,19,25,28,32,44,2016-08-27,68597839000,16214602128,6,2702433688
718,4,11,20,23,32,39,40,2016-09-03,69400763000,15744829888,17,926166464
719,4,8,13,19,20,43,26,2016-09-10,71378392000,16916232006,9,1879581334
720,1,12,29,34,36,37,41,2016-09-17,69939090000,17272785012,14,1233770358
721,1,28,35,41,43,44,31,2016-09-24,71627567000,18190138880,8,2273767360
722,12,14,21,30,39,43,45,2016-10-01,69446489000,17461690876,4,4365422719
723,20,30,33,35,36,44,22,2016-10-08,67750231000,16914922880,8,2114365360
724,2,8,33,35,37,41,14,2016-10-15,69987274000,17133477756,12,1427789813
725,6,7,19,21,41,43,38,2016-10-22,70208676000,17371389750,11,1579217250
726,1,11,21,23,34,44,24,2016-10-29,68799295000,16336216876,14,1166872634
727,7,8,10,19,21,31,20,2016-11-05,67559139000,15611508388,14,1115107742
728,3,6,10,30,34,37,36,2016-11-12,68306112000,16217322000,5,3243464400
729,11,17,21,26,36,45,16,2016-11-19,68784161000,16793002876,4,4198250719
730,4,10,14,15,18,22,39,2016-11-26,66934105000,16139056880,8,2017382110
731,2,7,13,25,42,45,39,2016-12-03,69239673000,16383297378,7,2340471054
732,2,4,5,17,27,32,43,2016-12-10,68645948000,15422894256,7,2203270608
733,11,24,32,33,35,40,13,2016-12-17,69321488000,16066900500,4,4016725125
734,6,16,37,38,41,45,18,2016-12-24,71457582000,17544559500,9,1949395500
735,5,10,13,27,37,41,4,2016-12-31,77488209000,18472315880,10,1847231588
736,2,11,17,18,21,27,6,2017-01-07,73510203000,16986811125,5,3397362225
737,13,15,18,24,27,41,11,2017-01-14,70775944000,17132244000,4,4283061000
738,23,27,28,38,42,43,36,2017-01-21,71768122000,17976102001,11,1634191091
739,7,22,29,33,34,35,30,2017-01-28,77999661000,18976489128,4,4744122282
740,4,8,9,16,17,19,31,2017-02-04,75186520000,16864736256,18,936929792
741,5,21,27,34,44,45,16,2017-02-11,74392585000,18261575628,6,3043595938
742,8,10,13,36,37,40,6,2017-02-18,73857792000,17789037008,16,1111814813
743,15,19,21,34,41,44,10,2017-02-25,73436852000,18260487000,7,2608641000
744,10,15,18,21,34,41,43,2017-03-04,73507293000,17331173625,15,1155411575
745,1,2,3,9,12,23,10,2017-03-11,73575119000,14936459640,20,746822982
746,3,12,33,36,42,45,25,2017-03-18,74239579000,18347613381,9,2038623709
747,7,9,12,14,23,28,17,2017-03-25,73337880000,17128931256,9,1903214584
748,3,10,13,22,31,32,29,2017-04-01,72750277000,17354218878,9,1928246542
749,12,14,24,26,34,45,41,2017-04-08,72252889000,17551357135,13,1350104395
750,1,2,15,19,24,36,12,2017-04-15,72248100000,17654730002,7,2522104286
751,3,4,16,20,28,44,17,2017-04-22,71534233000,16783744880,8,2097968110
752,4,16,20,33,40,43,7,2017-04-29,71600822000,16833229506,9,1870358834
753,2,17,19,24,37,41,3,2017-05-06,68915001000,16266630378,6,2711105063
754,2,8,17,24,29,31,32,2017-05-13,70765850000,17137710000,5,3427542000
755,13,14,26,28,30,36,37,2017-05-20,71300635000,17715418128,8,2214427266
756,10,14,16,18,27,28,4,2017-05-27,70992946000,17072173500,5,3414434700
757,6,7,11,17,33,44,1,2017-06-03,71053002000,15536637018,21,739839858
758,5,9,12,30,39,43,24,2017-06-10,71764259000,16631759632,8,2078969954
759,9,33,36,40,42,43,32,2017-06-17,72632208000,18196023000,6,3032670500
760,10,22,27,31,42,43,12,2017-06-24,72200797000,18026395128,8,2253299391
761,4,7,11,24,42,45,30,2017-07-01,71415903000,16749113626,7,2392730518
762,1,3,12,21,26,41,16,2017-07-08,70558895000,16314320630,10,1631432063
763,3,8,16,32,34,43,10,2017-07-15,70652100000,17105040000,8,2138130000
764,7,22,24,31,34,36,15,2017-07-22,70318932000,17219828255,7,2459975465
765,1,3,8,12,42,43,33,2017-07-29,70972360000,16638213750,15,1109214250
766,9,30,34,35,39,41,21,2017-08-05,69500769000,17389098376,8,2173637297
767,5,15,20,31,34,42,22,2017-08-12,71285599000,17456530875,15,1163768725
768,7,27,29,30,38,44,4,2017-08-19,72306975000,17726439380,13,1363572260
769,5,7,11,16,41,45,4,2017-08-26,72873431000,17376840378,9,1930760042
770,1,9,12,23,39,43,34,2017-09-02,74166379000,17304794632,8,2163099329
771,6,10,17,18,21,29,30,2017-09-09,73545939000,17450579628,4,4362644907
772,5,6,11,14,21,41,32,2017-09-16,74375369000,17696088380,10,1769608838
773,8,12,19,21,31,35,44,2017-09-23,74560597000,17703433880,11,1609403080
774,12,15,18,28,34,42,9,2017-09-30,77347021000,18806936632,11,1709721512
775,11,12,29,33,38,42,17,2017-10-07,70795452000,17352188250,5,3470437650
776,8,9,18,21,28,40,20,2017-10-14,74826082000,17903055751,7,2557579393
777,6,12,17,21,34,37,18,2017-10-21,75534360000,17502828756,21,833468036
778,6,21,35,36,37,41,11,2017-10-28,75075606000,18792208500,3,6264069500
779,6,12,19,24,34,41,4,2017-11-04,73773676000,16804802256,11,1527709296
780,15,17,19,21,27,45,16,2017-11-11,74232084000,18342721507,11,1667520137
781,11,16,18,19,24,39,43,2017-11-18,72483157000,16946023878,9,1882891542
782,6,18,31,34,38,45,20,2017-11-25,72253973000,17518388625,9,1946487625
783,14,15,16,17,38,45,36,2017-12-02,73525256000,18415858500,4,4603964625
784,3,10,23,24,31,39,22,2017-12-09,74311382000,17178102000,9,1908678000
785,4,6,15,25,26,33,40,2017-12-16,72974563000,17319736128,6,2886622688
786,12,15,16,20,24,30,38,2017-12-23,75930156000,18205461000,4,4551365250
787,5,6,13,16,27,28,9,2017-12-30,79593923000,18552649878,6,3092108313
788,2,10,11,19,35,39,29,2018-01-06,78121882000,18219177002,13,1401475154
789,2,6,7,12,19,45,38,2018-01-13,76136603000,17114652375,15,1140976825
790,3,8,19,27,30,41,12,2018-01-20,78978881000,18568260384,16,1160516274
791,2,10,12,31,33,42,32,2018-01-27,74205844000,17543146502,14,1253081893
792,2,7,19,25,29,36,16,2018-02-03,76339003000,18590157376,7,2655736768
793,10,15,21,35,38,43,31,2018-02-10,76177477000,18750733875,5,3750146775
794,6,7,18,19,30,38,13,2018-02-17,79941579000,18556582128,7,2650940304
795,3,10,13,26,34,38,36,2018-02-24,79661342000,18864747000,11,1714977000
796,1,21,26,36,40,41,5,2018-03-03,77685943000,19344432380,7,2763490340
797,5,22,31,32,39,45,36,2018-03-10,77339940000,19176225000,8,2397028125
798,2,10,14,22,32,36,41,2018-03-17,77038759000,18975543377,7,2710791911
799,12,17,23,34,42,45,33,2018-03-24,76708986000,18264272250,10,1826427225
800,1,4,10,12,28,45,26,2018-03-31,76994062000,17954708255,11,1632246205
801,17,25,28,37,43,44,2,2018-04-07,74034792000,18054293256,8,2256786657
802,10,11,12,18,24,42,27,2018-04-14,75146781000,17327167888,16,1082947993
803,5,9,14,26,30,43,2,2018-04-21,75670793000,18319051125,5,3663810225
804,1,10,13,26,32,36,9,2018-04-28,74557028000,17951961753,11,1631996523
805,3,12,13,18,31,32,42,2018-05-05,73065981000,17064247876,4,4266061969
806,14,20,23,31,37,38,27,2018-05-12,74030583000,18485326125,7,2640760875
807,6,10,18,25,34,35,33,2018-05-19,73831580000,17063636254,7,2437662322
808,15,21,31,32,41,43,24,2018-05-26,74911438000,18525723000,6,3087620500
809,6,11,15,17,23,40,39,2018-06-02,74214104000,17528236500,6,2921372750
810,5,10,13,21,39,43,11,2018-06-09,74388355000,17852784376,8,2231598047
811,8,11,19,21,36,45,25,2018-06-16,74570813000,17669037379,7,2524148197
812,1,3,12,14,16,43,10,2018-06-23,74147816000,17687728500,6,2947954750
813,11,30,34,35,42,44,27,2018-06-30,73394947000,18367052628,4,4591763157
814,2,21,28,38,42,45,30,2018-07-07,74316543000,18403152378,6,3067192063
815,17,21,25,26,27,36,4,2018-07-14,73416400000,18058987506,7,2579855358
816,12,18,19,29,31,39,7,2018-07-21,72397826000,17024863504,8,2128107938
817,3,9,12,13,25,43,34,2018-07-28,72552766000,16816296006,9,1868477334
818,14,15,25,28,29,30,3,2018-08-04,71793353000,17950456134,13,1380804318
819,16,25,33,38,40,45,15,2018-08-11,74578907000,18161743880,7,2594534840
820,10,21,22,30,35,42,6,2018-08-18,75744571000,18509254128,4,4627313532
821,1,12,13,24,29,44,16,2018-08-25,76118239000,18426183384,14,1316155956
822,9,18,20,24,27,36,12,2018-09-01,75681739000,17792695875,3,5930898625
823,12,18,24,26,39,40,15,2018-09-08,77400124000,18088595253,9,2009843917
824,7,9,24,29,34,38,26,2018-09-15,78257422000,18849698250,15,1256646550
825,8,15,21,31,33,38,42,2018-09-22,82890578000,19904526756,12,1658710563
826,13,16,24,25,33,36,42,2018-09-29,78218740000,18676728756,9,2075192084
827,5,11,12,29,33,44,14,2018-10-06,76490125000,18097505625,15,1206500375
828,4,7,13,29,31,39,18,2018-10-13,77552827000,18917417636,13,1455185972
829,4,5,31,35,43,45,29,2018-10-20,77998807000,19557205128,8,2444650641
830,5,6,16,18,37,38,17,2018-10-27,77714000000,18544758750,9,2060528750
831,3,10,16,19,31,39,9,2018-11-03,77622753000,17771236128,16,1110702258
832,13,14,19,26,40,43,30,2018-11-10,77411900000,18793841256,9,2088204584
833,12,18,30,39,41,42,19,2018-11-17,77738402000,18850538256,8,2356317282
834,6,8,18,35,42,43,3,2018-11-24,75941791000,18597630381,11,1690693671
835,9,10,13,28,38,45,35,2018-12-01,77694435000,18505216875,15,1233681125
836,1,9,11,14,26,28,19,2018-12-08,74536697000,17609811380,14,1257843670
837,2,25,28,30,33,45,6,2018-12-15,76614176000,18866694750,6,3144449125
838,9,14,17,33,36,38,20,2018-12-22,79414484000,19068665250,5,3813733050
839,3,9,11,12,13,19,35,2018-12-29,79219710000,17672913752,13,1359454904
840,2,4,11,28,29,43,27,2019-01-05,84057771000,20429617880,10,2042961788
841,5,11,14,30,33,38,24,2019-01-12,81580789000,18973627138,17,1116095714
842,14,26,32,36,39,42,38,2019-01-19,81957444000,20354750250,10,2035475025
843,19,21,30,33,34,42,4,2019-01-26,81857498000,20064850500,5,4012970100
844,7,8,13,15,33,45,18,2019-02-02,87805610000,20933343756,18,1162963542
845,1,16,29,33,40,45,6,2019-02-09,83884034000,20803389002,11,1891217182
846,5,18,30,41,43,45,13,2019-02-16,83936839000,20759497135,13,1596884395
847,12,16,26,28,30,42,22,2019-02-23,83782512000,20166773256,8,2520846657
848,1,2,16,22,38,39,34,2019-03-02,84523266000,21081066006,7,3011580858
849,5,13,17,29,34,39,3,2019-03-09,82333674000,19690299011,17,1158252883
850,16,20,24,28,36,39,5,2019-03-16,81474176000,20265527250,6,3377587875
851,14,18,22,26,31,44,40,2019-03-23,81099116000,19869538504,8,2483692313
852,11,17,28,30,33,35,9,2019-03-30,81470793000,19206173628,4,4801543407
853,2,8,23,26,27,44,13,2019-04-06,82244370000,20195047502,7,2885006786
854,20,25,31,32,36,43,3,2019-04-13,81823338000,20530240500,6,3421706750
855,8,15,17,19,43,44,7,2019-04-20,82374732000,20425594500,9,2269510500
856,10,24,40,41,43,44,17,2019-04-27,80496424000,19889637750,5,3977927550
857,6,10,16,28,34,38,43,2019-05-04,80933117000,19273731375,15,1284915425
858,9,13,32,38,39,43,23,2019-05-11,81366889000,19821127131,9,2202347459
859,8,22,35,38,39,41,24,2019-05-18,80944223000,20393202379,11,1853927489
860,4,8,18,25,27,32,42,2019-05-25,81846672000,18798998250,10,1879899825
861,11,17,19,21,22,25,24,2019-06-01,81032551000,19488435376,4,4872108844
862,10,34,38,40,42,43,32,2019-06-08,80609005000,19718304381,9,2190922709
863,16,21,28,35,39,43,12,2019-06-15,81288540000,19973501254,7,2853357322
864,3,7,10,13,25,36,32,2019-06-22,82220290000,18882090007,11,1716553637
865,3,15,22,32,33,45,2,2019-06-29,81748217000,20172478885,13,1551729145
866,9,15,29,34,37,39,12,2019-07-06,81961886000,20163681000,9,2240409000
867,14,17,19,22,24,40,41,2019-07-13,81607190000,19668776250,5,3933755250
868,12,17,28,41,43,44,25,2019-07-20,80549078000,19402825500,6,3233804250
869,2,6,20,27,37,39,4,2019-07-27,80268389000,19225825880,10,1922582588
870,21,25,30,32,40,42,31,2019-08-03,78688663000,19288429880,10,1928842988
871,2,6,12,26,30,34,38,2019-08-10,79527502000,19026499506,7,2718071358
872,2,4,30,32,33,43,29,2019-08-17,81002518000,20203289264,16,1262705579
873,3,5,12,13,33,39,38,2019-08-24,82375586000,18745532250,10,1874553225
874,1,15,19,23,28,42,32,2019-08-31,82990138000,20108230506,18,1117123917
875,19,22,30,34,39,44,36,2019-09-07,80635281000,19823254136,14,1415946724
876,5,16,21,26,34,42,24,2019-09-14,85088368000,20722499264,19,1090657856
877,5,17,18,22,23,43,12,2019-09-21,84584730000,20599286256,12,1716607188
878,2,6,11,16,25,31,3,2019-09-28,84183676000,19247961000,6,3207993500
879,1,4,10,14,15,35,20,2019-10-05,83174251000,19238167878,6,3206361313
880,7,17,19,23,24,45,38,2019-10-12,83862502000,19864673255,7,2837810465
881,4,18,20,26,27,32,9,2019-10-19,84495552000,20025698256,8,2503212282
882,18,34,39,43,44,45,23,2019-10-26,84351602000,20636352000,5,4127270400
883,9,18,32,33,37,44,22,2019-11-02,85624171000,20407792875,15,1360519525
884,4,14,23,28,37,45,17,2019-11-09,86554613000,21588927384,12,1799077282
885,1,3,24,27,39,45,31,2019-11-16,83396319000,20069823384,13,1543832568
886,19,23,28,37,42,45,2,2019-11-23,84186094000,20822506502,7,2974643786
887,8,14,17,27,36,45,10,2019-11-30,84416872000,20282149504,8,2535268688
888,3,7,12,31,34,38,32,2019-12-07,82777313000,18962873632,8,2370359204
889,3,13,29,38,39,42,26,2019-12-14,86734222000,21089869500,10,2108986950
890,1,4,14,18,29,37,6,2019-12-21,86693498000,21019375503,9,2335486167
891,9,13,28,31,39,41,19,2019-12-28,89742677000,21578717629,7,3082673947
892,4,9,17,18,26,42,36,2020-01-04,93091115000,21794296888,17,1282017464
893,1,15,17,23,25,41,10,2020-01-11,87661567000,21396902625,9,2377433625
894,19,32,37,40,41,43,45,2020-01-18,88465183000,21401423631,9,2377935959
895,16,26,31,38,39,41,23,2020-01-25,96962255000,23136950628,12,1928079219
896,5,12,25,26,38,45,23,2020-02-01,90461998000,21372554252,7,3053222036
897,6,7,12,22,26,36,29,2020-02-08,88231474000,21058992760,13,1619922520
898,18,21,28,35,37,42,17,2020-02-15,90067839000,21114505880,8,2639313235
899,8,19,20,21,33,39,37,2020-02-22,85877347000,20156136378,6,3359356063
900,7,13,16,18,35,38,14,2020-02-29,83639372000,20099108250,6,3349851375
901,5,18,20,23,30,34,21,2020-03-07,84783962000,20411772003,9,2267974667
902,7,19,23,24,36,39,30,2020-03-14,87501981000,21051127877,13,1619317529
903,2,15,16,21,22,28,45,2020-03-21,88625160000,21899568756,13,1684582212
904,2,6,8,26,43,45,11,2020-03-28,88938220000,21744622504,8,2718077813
905,3,4,16,27,38,40,20,2020-04-04,90357634000,21125037752,7,3017862536
906,2,5,14,28,31,32,20,2020-04-11,90948274000,22253465250,9,2472607250
907,21,27,29,38,40,44,37,2020-04-18,89331282000,22155413252,7,3165059036
908,3,16,21,22,23,44,30,2020-04-25,89923601000,22678849128,8,2834856141
909,7,24,29,30,34,35,33,2020-05-02,89543261000,22231691625,11,2021062875
910,1,11,17,27,35,39,31,2020-05-09,86308857000,19767643875,21,941316375
911,4,5,12,14,32,42,35,2020-05-16,89332410000,21135386250,10,2113538625
912,5,8,18,21,22,38,10,2020-05-23,88599155000,20909008134,14,1493500581
913,6,14,16,21,27,37,40,2020-05-30,89336949000,21420089632,16,1338755602
914,16,19,24,33,42,44,27,2020-06-06,89558503000,21450061127,11,1950005557
915,2,6,11,13,22,37,14,2020-06-13,87862418000,21111843000,6,3518640500
916,6,21,22,32,35,36,17,2020-06-20,89133044000,22279227751,11,2025384341
917,1,3,23,24,27,43,34,2020-06-27,88950867000,21447996380,10,2144799638
918,7,11,12,31,33,38,5,2020-07-04,89200857000,20117207628,18,1117622646
919,9,14,17,18,42,44,35,2020-07-11,90218056000,21525752250,5,4305150450
920,2,3,26,33,34,43,29,2020-07-18,89805177000,21841821379,7,3120260197
921,5,7,12,22,28,41,1,2020-07-25,89888341000,20953747885,17,1232573405
922,2,6,13,17,27,43,36,2020-08-01,89266682000,20507427000,6,3417904500
923,3,17,18,23,36,41,26,2020-08-08,87867402000,21340437000,8,2667554625
924,3,11,34,42,43,44,13,2020-08-15,87708256000,21441876003,9,2382430667
925,13,24,32,34,39,42,4,2020-08-22,87901067000,21252966384,12,1771080532
926,10,16,18,20,25,31,6,2020-08-29,88372251000,20324906630,10,2032490663
927,4,15,22,38,41,43,26,2020-09-05,91067752000,22285223250,6,3714203875
928,3,4,10,20,28,44,30,2020-09-12,90818982000,21942139506,7,3134591358
929,7,9,12,15,19,23,4,2020-09-19,92344620000,20928562512,16,1308035157
930,8,21,25,38,39,44,28,2020-09-26,94518415000,22659350632,8,2832418829
931,14,15,23,25,35,43,32,2020-10-03,95695802000,23656864504,8,2957108063
932,1,6,15,36,37,38,5,2020-10-10,96049289000,23730160881,7,3390022983
933,23,27,29,31,36,45,37,2020-10-17,93484851000,23422376632,8,2927797079
934,1,3,30,33,36,39,12,2020-10-24,93028347000,23063091376,4,5765772844
935,4,10,20,32,38,44,18,2020-10-31,93934898000,22243720512,13,1711055424
936,7,11,13,17,18,29,43,2020-11-07,92246146000,20888968506,14,1492069179
937,2,10,13,22,29,40,26,2020-11-14,93720454000,22642629009,11,2058420819
938,4,8,10,16,31,36,9,2020-11-21,93452425000,22494665630,10,2249466563
939,4,11,28,39,42,45,6,2020-11-28,93340002000,22208719507,13,1708363039
940,3,15,20,22,24,41,11,2020-12-05,93920183000,22768568632,8,2846071079
941,12,14,25,27,39,40,35,2020-12-12,94867600000,21556758752,16,1347297422
942,10,12,18,35,42,43,39,2020-12-19,92731965000,22570081878,6,3761680313
943,1,8,13,36,44,45,39,2020-12-26,100081432000,24045315756,7,3435045108
944,2,13,16,19,32,33,42,2021-01-02,107181377000,25503872628,13,1961836356
945,9,10,15,30,33,37,26,2021-01-09,94837109000,22952208383,13,1765554491
946,9,18,19,30,34,40,20,2021-01-16,99380178000,23734218002,11,2157656182
947,3,8,17,20,27,35,26,2021-01-23,99449916000,22965403500,18,1275855750
948,13,18,30,31,38,41,5,2021-01-30,100519459000,24074035876,11,2188548716
949,14,21,35,36,40,44,30,2021-02-06,100518909000,24585697130,10,2458569713
950,3,4,15,22,28,40,10,2021-02-13,108870714000,26255364000,8,3281920500
951,2,12,30,31,39,43,38,2021-02-20,102937006000,24465737254,14,1747552661
952,4,12,22,24,33,41,38,2021-02-27,102355646000,24423298506,9,2713699834
953,7,9,22,27,37,42,34,2021-03-06,99180891000,22968904126,14,1640636009
954,1,9,26,28,30,41,32,2021-03-13,101455314000,24787959000,10,2478795900
955,4,9,23,26,29,33,8,2021-03-20,99784736000,24278042256,12,2023170188
956,10,11,20,21,25,41,40,2021-03-27,97065255000,22252809381,11,2022982671
957,4,15,24,35,36,40,1,2021-04-03,96654698000,23392975507,11,2126634137
958,2,9,10,16,35,37,1,2021-04-10,98635947000,23941795125,15,1596119675
959,1,14,15,24,40,41,35,2021-04-17,97435835000,24122503128,8,3015312891
960,2,18,24,30,32,45,14,2021-04-24,98784879000,24011332130,10,2401133213
961,11,20,29,31,33,42,43,2021-05-01,97153309000,23177080881,9,2575231209
962,1,18,28,31,34,43,40,2021-05-08,95956365000,23290873128,12,1940906094
963,6,12,19,23,34,42,35,2021-05-15,95452215000,22147171875,15,1476478125
964,6,21,36,38,39,43,30,2021-05-22,95549895000,23458610630,10,2345861063
965,2,13,25,28,29,36,34,2021-05-29,96174650000,23823442503,7,3403348929
966,1,21,25,29,34,37,36,2021-06-05,95640447000,24113035130,10,2411303513
967,1,6,13,37,38,40,9,2021-06-12,94515565000,23239104376,4,5809776094
968,2,5,12,14,24,39,33,2021-06-19,95924229000,21680485879,13,1667729683
969,3,9,10,29,40,45,7,2021-06-26,96728751000,22988557880,20,1149427894
970,9,11,16,21,28,36,5,2021-07-03,93268371000,22561616630,14,1611544045
971,2,6,17,18,21,26,7,2021-07-10,94471924000,22355281500,6,3725880250
972,3,6,17,23,37,39,26,2021-07-17,93916813000,22497724880,20,1124886244
973,22,26,31,37,41,42,24,2021-07-24,93953872000,23301942000,8,2912742750
974,1,2,11,16,39,44,32,2021-07-31,94146055000,22389586891,17,1317034523
975,7,8,9,17,22,24,5,2021-08-07,94253719000,21963693375,9,2440410375
976,4,12,14,25,35,37,2,2021-08-14,97492178000,22707070505,7,3243867215
977,2,9,10,14,22,44,16,2021-08-21,95895844000,23378682754,14,1669905911
978,1,7,15,32,34,42,8,2021-08-28,98855197000,23733913880,10,2373391388
979,7,11,16,21,27,33,24,2021-09-04,99507886000,22489607252,14,1606400518
980,3,13,16,23,24,35,14,2021-09-11,99593380000,23866102505,7,3409443215
981,27,36,37,41,43,45,32,2021-09-18,105645424000,25907221509,13,1992863193
982,5,7,13,20,21,44,33,2021-09-25,101344251000,24189045376,8,3023630672
983,13,23,26,31,35,43,15,2021-10-02,101899006000,25034222250,10,2503422225
984,3,10,23,35,36,37,18,2021-10-09,98762367000,24171043876,7,3453006268
985,17,21,23,30,34,44,19,2021-10-16,98811446000,24347529750,10,2434752975
986,7,10,16,28,41,42,40,2021-10-23,99041240000,23752751250,10,2375275125
987,2,4,15,23,29,38,7,2021-10-30,100269530000,23787116250,10,2378711625
988,2,13,20,30,31,41,27,2021-11-06,98606195000,24106404375,9,2678489375
989,17,18,21,27,29,33,26,2021-11-13,96525658000,23307074252,4,5826768563
990,2,4,25,26,36,37,28,2021-11-20,99567047000,24361333878,14,1740095277
991,13,18,25,31,33,44,38,2021-11-27,98026282000,23233328256,8,2904166032
992,12,20,26,33,44,45,24,2021-12-04,97066498000,23843466756,12,1986955563
993,6,14,16,18,24,42,44,2021-12-11,99323653000,23947182378,6,3991197063
994,1,3,8,24,27,35,28,2021-12-18,95530936000,22338984756,12,1861582063
995,1,4,13,29,38,39,7,2021-12-25,100878455000,24130903125,7,3447271875
996,6,11,15,24,32,39,28,2022-01-01,112624327000,26841343878,18,1491185771
997,4,7,14,16,24,44,20,2022-01-08,102431961000,23821241640,19,1253749560
998,13,17,18,20,42,45,41,2022-01-15,101681869000,24917995884,12,2076499657
999,1,3,9,14,18,28,34,2022-01-22,102581351000,24212396640,16,1513274790
1000,2,8,19,22,32,42,39,2022-01-29,118628811000,27430031640,22,1246819620
1001,6,10,12,14,20,42,15,2022-02-05,103967487000,24927355128,12,2077279594
1002,17,25,33,35,38,45,15,2022-02-12,105795484000,24707596504,8,3088449563
1003,1,4,29,39,43,45,31,2022-02-19,103479378000,25355635508,14,1811116822
1004,7,15,30,37,39,44,18,2022-02-26,106112471000,25762519130,10,2576251913
1005,8,13,18,24,27,29,17,2022-03-05,103755249000,24734392128,12,2061199344
1006,8,11,15,16,17,37,36,2022-03-12,104542431000,25700419125,9,2855602125
1007,8,11,16,19,21,25,40,2022-03-19,101530003000,24469077375,9,2718786375
1008,9,11,30,31,41,44,33,2022-03-26,103727042000,24941157010,11,2267377910
1009,15,23,29,34,40,44,20,2022-04-02,103771363000,25536942375,15,1702462825
1010,9,12,15,25,34,36,3,2022-04-09,103011505000,24955040632,8,3119380079
1011,1,9,12,26,35,38,42,2022-04-16,101799373000,24423833632,11,2220348512
1012,5,11,18,20,35,45,3,2022-04-23,101948323000,24205276134,13,1861944318
1013,21,22,26,34,36,41,32,2022-04-30,101747653000,25237853625,5,5047570725
1014,3,11,14,18,26,27,21,2022-05-07,102396369000,24104493380,10,2410449338
1015,14,23,31,33,37,40,44,2022-05-14,102562683000,24408844880,8,3051105610
1016,15,26,28,34,41,42,44,2022-05-21,101583153000,24867267381,11,2260660671
1017,12,18,22,23,30,34,32,2022-05-28,101382790000,24623793754,7,3517684822
1018,3,19,21,25,37,45,35,2022-06-04,101151805000,24723489376,2,12361744688
1019,1,4,13,17,34,39,6,2022-06-11,102804882000,21928257000,50,438565140
1020,12,27,29,38,41,45,6,2022-06-18,104996396000,25563609760,13,1966431520
1021,12,15,17,24,29,45,16,2022-06-25,101960162000,25307547000,12,2108962250
1022,5,6,11,29,42,45,28,2022-07-02,99233031000,24332340375,5,4866468075
1023,10,14,16,18,29,35,25,2022-07-09,100399659000,24711100875,9,2745677875
1024,9,18,20,22,38,44,10,2022-07-16,100081038000,24162588000,8,3020323500
1025,8,9,20,25,29,33,7,2022-07-23,101318529000,24475413376,4,6118853344
1026,5,12,13,31,32,41,34,2022-07-30,101556379000,24286777125,15,1619118475
1027,14,16,27,35,39,45,5,2022-08-06,101195159000,24605043380,10,2460504338
1028,5,7,12,13,18,35,23,2022-08-13,100613537000,23624702640,20,1181235132
1029,12,30,32,37,39,41,24,2022-08-20,101336312000,25278484500,10,2527848450
1030,2,5,11,17,24,29,9,2022-08-27,104899923000,24251723633,19,1276406507
1031,6,7,22,32,35,36,19,2022-09-03,104316078000,25711660504,8,3213957563
1032,1,6,12,19,36,42,28,2022-09-10,110907011000,26752575380,10,2675257538
1033,3,11,15,20,35,44,10,2022-09-17,104642258000,24874394259,13,1913414943
1034,26,31,32,33,38,40,11,2022-09-24,107150089000,25819705881,9,2868856209
1035,9,14,34,35,41,42,2,2022-10-01,106759523000,25849549880,8,3231193735
1036,2,5,22,32,34,45,39,2022-10-08,103753936000,25535908503,9,2837323167
1037,2,14,15,22,27,33,31,2022-10-15,104840173000,25628652375,15,1708576825
1038,7,16,24,27,37,44,2,2022-10-22,104932409000,24411858375,15,1627457225
1039,2,3,6,19,36,39,26,2022-10-29,105259066000,25360314752,16,1585019672
1040,8,16,26,29,31,36,11,2022-11-05,104007239000,25623378375,7,3660482625
1041,6,7,9,11,17,18,45,2022-11-12,105301601000,23377279125,25,935091165
1042,5,14,15,23,34,43,4,2022-11-19,106510259000,24813273380,20,1240663669
1043,3,5,12,22,26,31,19,2022-11-26,107045942000,24966998252,17,1468646956
1044,12,17,20,26,28,36,4,2022-12-03,102891973000,25095529880,8,3136941235
1045,6,14,15,19,21,41,37,2022-12-10,105380282000,25870785759,13,1990060443
1046,7,16,25,29,35,36,28,2022-12-17,100923993000,24136988628,12,2011415719
1047,2,20,33,40,42,44,32,2022-12-24,103058179000,24739180875,9,2748797875
1048,6,12,17,21,32,39,30,2022-12-31,117323901000,27412406636,17,1612494508
1049,3,5,13,20,21,37,17,2023-01-07,108444724000,25917151500,15,1727810100
1050,6,12,31,35,38,43,17,2023-01-14,108072602000,26096415760,17,1535083280
1051,21,26,30,32,33,35,44,2023-01-21,119243907000,30052052640,18,1669558480
1052,5,17,26,27,35,38,1,2023-01-28,107565461000,25758510382,11,2341682762
1053,22,26,29,30,34,45,15,2023-02-04,113721665000,28632571877,7,4090367411
1054,14,19,27,28,30,45,33,2023-02-11,113660567000,28331331381,9,3147925709
1055,4,7,12,14,22,33,31,2023-02-18,112488256000,25990967255,11,2362815205
1056,13,20,24,32,36,45,29,2023-02-25,113279615000,27575274384,14,1969662456
1057,8,13,19,27,40,45,12,2023-03-04,112523887000,27473185138,17,1616069714
1058,11,23,25,30,32,40,42,2023-03-11,112041382000,26754263250,13,2058020250
1059,7,10,22,25,34,40,27,2023-03-18,110846824000,26431190253,13,2033168481
1060,3,10,24,33,38,45,36,2023-03-25,110677185000,25150689396,28,898238907
1061,4,24,27,35,37,45,15,2023-04-01,109909344000,26650456503,11,2422768773
1062,20,31,32,40,41,45,12,2023-04-08,107109911000,26613536628,7,3801933804
1063,3,6,22,23,24,38,30,2023-04-15,108347135000,26392183125,7,3770311875
1064,3,6,9,18,22,35,14,2023-04-22,109427584000,25615194014,19,1348168106
1065,3,18,19,23,32,45,24,2023-04-29,108181727000,25936315132,14,1852593938
1066,6,11,16,19,21,32,45,2023-05-06,106440950000,25064208750,15,1670947250
1067,7,10,19,23,28,33,18,2023-05-13,110703299000,25754482130,13,1981114010
1068,4,7,19,26,33,35,3,2023-05-20,108988932000,25914660766,19,1363929514
1069,1,10,18,22,28,31,44,2023-05-27,108388892000,26085045756,14,1863217554
1070,3,6,14,22,30,41,36,2023-06-03,107222802000,26027637006,14,1859116929
1071,1,2,11,21,30,35,39,2023-06-10,107362630000,25919898750,5,5183979750
1072,16,18,20,23,32,43,27,2023-06-17,108156654000,26100076500,12,2175006375
1073,6,18,28,30,32,38,15,2023-06-24,107352123000,25797503633,11,2345227603
1074,1,6,20,27,28,41,15,2023-07-01,105744157000,25617163884,12,2134763657
1075,1,23,24,35,44,45,10,2023-07-08,105635232000,26067034503,9,2896337167
1076,3,7,9,33,36,37,10,2023-07-15,103168694000,24054207750,9,2672689750
1077,4,8,17,30,40,43,34,2023-07-22,105927489000,24996307126,7,3570901018
1078,6,10,11,14,36,38,43,2023-07-29,105407618000,25699259256,12,2141604938
1079,4,8,18,24,37,45,6,2023-08-05,103120206000,24410964753,9,2712329417
1080,13,16,23,31,36,44,38,2023-08-12,104111986000,25476111003,7,3639444429
1081,1,9,16,23,24,38,17,2023-08-19,106974323000,25782822384,11,2343892944
1082,21,26,27,32,34,42,31,2023-08-26,107566880000,26043427501,7,3720489643
1083,3,7,14,15,22,38,17,2023-09-02,108995141000,25696267875,15,1713084525
1084,8,12,13,29,33,42,5,2023-09-09,109818924000,26081469000,15,1738764600
1085,4,7,17,18,38,44,36,2023-09-16,106249975000,24685381879,23,1073277473
1086,11,16,25,27,35,36,37,2023-09-23,109250306000,25770534753,17,1515913809
1087,13,14,18,21,34,44,16,2023-09-30,113960897000,27716057632,16,1732253602
1088,11,21,22,30,39,44,31,2023-10-07,109089305000,26781676878,11,2434697898
1089,4,18,31,37,42,43,40,2023-10-14,108725932000,26806699503,9,2978522167
1090,12,19,21,29,40,45,1,2023-10-21,108364862000,26251440754,11,2386494614
1091,6,20,23,24,28,30,44,2023-10-28,109335581000,26086234131,9,2898470459
1092,7,18,19,26,33,45,37,2023-11-04,108970510000,25332637504,16,1583289844
1093,10,17,22,30,35,43,44,2023-11-11,105589036000,25571529750,13,1967040750
1094,6,7,15,22,26,40,41,2023-11-18,104078823000,25354253628,12,2112854469
1095,8,14,28,29,34,40,12,2023-11-25,106160572000,26178255750,10,2617825575
1096,1,12,16,19,23,43,34,2023-12-02,105753078000,25393911750,10,2539391175
1097,14,33,34,35,37,40,4,2023-12-09,108873101000,27050051630,7,3864293090
1098,12,16,21,24,41,43,15,2023-12-16,103850339000,25096004635,13,1930461895
1099,3,20,28,38,40,43,4,2023-12-23,107510729000,26639407125,9,2959934125
1100,17,26,29,30,31,43,12,2023-12-30,116187023000,28698481136,13,2207575472
1101,6,7,13,28,36,42,41,2024-01-06,114758876000,27306883500,13,2100529500
1102,13,14,22,26,37,38,20,2024-01-13,113178102000,27671828260,20,1383591413
1103,10,12,29,31,40,44,2,2024-01-20,110195070000,26765133761,17,1574419633
1104,1,7,21,30,35,38,2,2024-01-27,112449384000,27257896500,15,1817193100
1105,6,16,34,37,39,40,11,2024-02-03,113295292000,27522807000,15,1834853800
1106,1,3,4,29,42,45,36,2024-02-10,126617296000,30695091009,11,2790462819
1107,6,14,30,31,40,41,29,2024-02-17,117664962000,28358753262,14,2025625233
1108,7,19,26,37,39,44,27,2024-02-24,114578905000,27411871886,14,1957990849
1109,10,12,13,19,33,40,2,2024-03-02,117196327000,26933998875,17,1584352875
1110,3,7,11,20,22,41,24,2024-03-09,115083786000,26358283504,16,1647392719
1111,3,13,30,33,43,45,4,2024-03-16,116382835000,27434600640,16,1714662540
